airdesk,,,,NNG,*,F,airdesk,Compound,*,*,air/NNG/*+desk/NNG/*
airpod,,,,NNG,*,F,airpod,Compound,*,*,air/NNG/*+pod/NNG/*
airpods,,,,NNG,*,F,airpods,Compound,*,*,air/NNG/*+pods/NNG/*
airrex,,,,NNG,*,F,airrex,Compound,*,*,air/NNG/*+rex/NNG/*
airwasher,,,,NNG,*,F,airwasher,Compound,*,*,air/NNG/*+washer/NNG/*
akracing,,,,NNG,*,F,akracing,Compound,*,*,ak/NNG/*+racing/NNG/*
alienware,,,,NNG,*,F,alienware,Compound,*,*,alien/NNG/*+ware/NNG/*
aliexpress,,,,NNG,*,F,aliexpress,Compound,*,*,ali/NNG/*+express/NNG/*
allinone,,,,NNG,*,F,allinone,Compound,*,*,all/NNG/*+in/NNG/*+one/NNG/*
allterrainvehicle,,,,NNG,*,F,allterrainvehicle,Compound,*,*,all/NNG/*+terrain/NNG/*+vehicle/NNG/*
alphascan,,,,NNG,*,F,alphascan,Compound,*,*,alpha/NNG/*+scan/NNG/*
alphasink,,,,NNG,*,F,alphasink,Compound,*,*,alpha/NNG/*+sink/NNG/*
alphatab,,,,NNG,*,F,alphatab,Compound,*,*,alpha/NNG/*+tab/NNG/*
alvieromartini,,,,NNG,*,F,alvieromartini,Compound,*,*,alviero/NNG/*+martini/NNG/*
ambubag,,,,NNG,*,F,ambubag,Compound,*,*,ambu/NNG/*+bag/NNG/*
americantourist,,,,NNG,*,F,americantourist,Compound,*,*,american/NNG/*+tourist/NNG/*
americantourister,,,,NNG,*,F,americantourister,Compound,*,*,american/NNG/*+tourister/NNG/*
angelcare,,,,NNG,*,F,angelcare,Compound,*,*,angel/NNG/*+care/NNG/*
animalpro,,,,NNG,*,F,animalpro,Compound,*,*,animal/NNG/*+pro/NNG/*
ankleboots,,,,NNG,*,F,ankleboots,Compound,*,*,ankle/NNG/*+boots/NNG/*
antifog,,,,NNG,*,F,antifog,Compound,*,*,anti/NNG/*+fog/NNG/*
antiglare,,,,NNG,*,F,antiglare,Compound,*,*,anti/NNG/*+glare/NNG/*
anypro,,,,NNG,*,F,anypro,Compound,*,*,any/NNG/*+pro/NNG/*
anyshop,,,,NNG,*,F,anyshop,Compound,*,*,any/NNG/*+shop/NNG/*
appletv,,,,NNG,*,F,appletv,Compound,*,*,apple/NNG/*+tv/NNG/*
aptx,,,,NNG,*,F,aptx,Compound,*,*,apt/NNG/*+x/NNG/*
aquabeat,,,,NNG,*,F,aquabeat,Compound,*,*,aqua/NNG/*+beat/NNG/*
aquapro,,,,NNG,*,F,aquapro,Compound,*,*,aqua/NNG/*+pro/NNG/*
aquapure,,,,NNG,*,F,aquapure,Compound,*,*,aqua/NNG/*+pure/NNG/*
armband,,,,NNG,*,F,armband,Compound,*,*,arm/NNG/*+band/NNG/*
armchair,,,,NNG,*,F,armchair,Compound,*,*,arm/NNG/*+chair/NNG/*
armorall,,,,NNG,*,F,armorall,Compound,*,*,armor/NNG/*+all/NNG/*
armwarmer,,,,NNG,*,F,armwarmer,Compound,*,*,arm/NNG/*+warmer/NNG/*
arnaldobassini,,,,NNG,*,F,arnaldobassini,Compound,*,*,arnaldo/NNG/*+bassini/NNG/*
arnoldpalmer,,,,NNG,*,F,arnoldpalmer,Compound,*,*,arnold/NNG/*+palmer/NNG/*
aromatherapy,,,,NNG,*,F,aromatherapy,Compound,*,*,aroma/NNG/*+therapy/NNG/*
asrock,,,,NNG,*,F,asrock,Compound,*,*,as/NNG/*+rock/NNG/*
asuspro,,,,NNG,*,F,asuspro,Compound,*,*,asus/NNG/*+pro/NNG/*
ativbook,,,,NNG,*,F,ativbook,Compound,*,*,ativ/NNG/*+book/NNG/*
ativm,,,,NNG,*,F,ativm,Compound,*,*,ativ/NNG/*+m/NNG/*
ativtab,,,,NNG,*,F,ativtab,Compound,*,*,ativ/NNG/*+tab/NNG/*
atocare,,,,NNG,*,F,atocare,Compound,*,*,ato/NNG/*+care/NNG/*
audemarspiguet,,,,NNG,*,F,audemarspiguet,Compound,*,*,audemars/NNG/*+piguet/NNG/*
audiocomm,,,,NNG,*,F,audiocomm,Compound,*,*,audio/NNG/*+comm/NNG/*
audiolink,,,,NNG,*,F,audiolink,Compound,*,*,audio/NNG/*+link/NNG/*
audiosynergy,,,,NNG,*,F,audiosynergy,Compound,*,*,audio/NNG/*+synergy/NNG/*
autocad,,,,NNG,*,F,autocad,Compound,*,*,auto/NNG/*+cad/NNG/*
autofocus,,,,NNG,*,F,autofocus,Compound,*,*,auto/NNG/*+focus/NNG/*
autoloader,,,,NNG,*,F,autoloader,Compound,*,*,auto/NNG/*+loader/NNG/*
autoview,,,,NNG,*,F,autoview,Compound,*,*,auto/NNG/*+view/NNG/*
avermedia,,,,NNG,*,F,avermedia,Compound,*,*,aver/NNG/*+media/NNG/*
backbar,,,,NNG,*,F,backbar,Compound,*,*,back/NNG/*+bar/NNG/*
backbeat,,,,NNG,*,F,backbeat,Compound,*,*,back/NNG/*+beat/NNG/*
backbeatgo,,,,NNG,*,F,backbeatgo,Compound,*,*,back/NNG/*+beat/NNG/*+go/NNG/*
backjoy,,,,NNG,*,F,backjoy,Compound,*,*,back/NNG/*+joy/NNG/*
backpack,,,,NNG,*,F,backpack,Compound,*,*,back/NNG/*+pack/NNG/*
backpacker,,,,NNG,*,F,backpacker,Compound,*,*,back/NNG/*+pack/NNG/*+er/NNG/*
backpackers,,,,NNG,*,F,backpackers,Compound,*,*,back/NNG/*+pack/NNG/*+ers/NNG/*
backpacking,,,,NNG,*,F,backpacking,Compound,*,*,back/NNG/*+pack/NNG/*+ing/NNG/*
backpacks,,,,NNG,*,F,backpacks,Compound,*,*,back/NNG/*+pack/NNG/*+s/NNG/*
backplate,,,,NNG,*,F,backplate,Compound,*,*,back/NNG/*+plate/NNG/*
backup,,,,NNG,*,F,backup,Compound,*,*,back/NNG/*+up/NNG/*
backupjeans,,,,NNG,*,F,backupjeans,Compound,*,*,back/NNG/*+up/NNG/*+jeans/NNG/*
bagpack,,,,NNG,*,F,bagpack,Compound,*,*,bag/NNG/*+pack/NNG/*
ballybag,,,,NNG,*,F,ballybag,Compound,*,*,bally/NNG/*+bag/NNG/*
bamboobag,,,,NNG,*,F,bamboobag,Compound,*,*,bamboo/NNG/*+bag/NNG/*
baobaobag,,,,NNG,*,F,baobaobag,Compound,*,*,baobao/NNG/*+bag/NNG/*
barchair,,,,NNG,*,F,barchair,Compound,*,*,bar/NNG/*+chair/NNG/*
barebone,,,,NNG,*,F,barebone,Compound,*,*,bare/NNG/*+bone/NNG/*
barrelbag,,,,NNG,*,F,barrelbag,Compound,*,*,barrel/NNG/*+bag/NNG/*
barstool,,,,NNG,*,F,barstool,Compound,*,*,bar/NNG/*+stool/NNG/*
baseqi,,,,NNG,*,F,baseqi,Compound,*,*,base/NNG/*+qi/NNG/*
baskinrobbins,,,,NNG,*,F,baskinrobbins,Compound,*,*,baskin/NNG/*+robbins/NNG/*
basswalton,,,,NNG,*,F,basswalton,Compound,*,*,bass/NNG/*+walton/NNG/*
battlebox,,,,NNG,*,F,battlebox,Compound,*,*,battle/NNG/*+box/NNG/*
bbbalm,,,,NNG,*,F,bbbalm,Compound,*,*,bb/NNG/*+balm/NNG/*
bbcream,,,,NNG,*,F,bbcream,Compound,*,*,bb/NNG/*+cream/NNG/*
beaglebone,,,,NNG,*,F,beaglebone,Compound,*,*,beagle/NNG/*+bone/NNG/*
beagleboneblack,,,,NNG,*,F,beagleboneblack,Compound,*,*,beagle/NNG/*+bone/NNG/*+black/NNG/*
beatsx,,,,NNG,*,F,beatsx,Compound,*,*,beats/NNG/*+x/NNG/*
bebesup,,,,NNG,*,F,bebesup,Compound,*,*,bebe/NNG/*+sup/NNG/*
bellabag,,,,NNG,*,F,bellabag,Compound,*,*,bella/NNG/*+bag/NNG/*
bellacuisine,,,,NNG,*,F,bellacuisine,Compound,*,*,bella/NNG/*+cuisine/NNG/*
beltbag,,,,NNG,*,F,beltbag,Compound,*,*,belt/NNG/*+bag/NNG/*
benettonkids,,,,NNG,*,F,benettonkids,Compound,*,*,benetton/NNG/*+kids/NNG/*
beoplay,,,,NNG,*,F,beoplay,Compound,*,*,beo/NNG/*+play/NNG/*
beovision,,,,NNG,*,F,beovision,Compound,*,*,beo/NNG/*+vision/NNG/*
beyerdynamic,,,,NNG,*,F,beyerdynamic,Compound,*,*,beyer/NNG/*+dynamic/NNG/*
bigfoot,,,,NNG,*,F,bigfoot,Compound,*,*,big/NNG/*+foot/NNG/*
bigfoots,,,,NNG,*,F,bigfoots,Compound,*,*,big/NNG/*+foot/NNG/*+s/NNG/*
biotank,,,,NNG,*,F,biotank,Compound,*,*,bio/NNG/*+tank/NNG/*
birkenstock,,,,NNG,*,F,birkenstock,Compound,*,*,birken/NNG/*+stock/NNG/*
birkinbag,,,,NNG,*,F,birkinbag,Compound,*,*,birkin/NNG/*+bag/NNG/*
blackanddecker,,,,NNG,*,F,blackanddecker,Compound,*,*,black/NNG/*+and/NNG/*+decker/NNG/*
blackbox,,,,NNG,*,F,blackbox,Compound,*,*,black/NNG/*+box/NNG/*
blackjean,,,,NNG,*,F,blackjean,Compound,*,*,black/NNG/*+jean/NNG/*
blackwidow,,,,NNG,*,F,blackwidow,Compound,*,*,black/NNG/*+widow/NNG/*
blackyak,,,,NNG,*,F,blackyak,Compound,*,*,black/NNG/*+yak/NNG/*
blackyakkids,,,,NNG,*,F,blackyakkids,Compound,*,*,black/NNG/*+yak/NNG/*+kids/NNG/*
blitzwolf,,,,NNG,*,F,blitzwolf,Compound,*,*,blitz/NNG/*+wolf/NNG/*
blueair,,,,NNG,*,F,blueair,Compound,*,*,blue/NNG/*+air/NNG/*
bluedogbaby,,,,NNG,*,F,bluedogbaby,Compound,*,*,blue/NNG/*+dog/NNG/*+baby/NNG/*
bluedot,,,,NNG,*,F,bluedot,Compound,*,*,blue/NNG/*+dot/NNG/*
blueled,,,,NNG,*,F,blueled,Compound,*,*,blue/NNG/*+led/NNG/*
bluelight,,,,NNG,*,F,bluelight,Compound,*,*,blue/NNG/*+light/NNG/*
blueray,,,,NNG,*,F,blueray,Compound,*,*,blue/NNG/*+ray/NNG/*
bluetooth,,,,NNG,*,F,bluetooth,Compound,*,*,blue/NNG/*+tooth/NNG/*
bmwmini,,,,NNG,*,F,bmwmini,Compound,*,*,bmw/NNG/*+mini/NNG/*
boardgame,,,,NNG,*,F,boardgame,Compound,*,*,board/NNG/*+game/NNG/*
bobbibrown,,,,NNG,*,F,bobbibrown,Compound,*,*,bobbi/NNG/*+brown/NNG/*
bodycare,,,,NNG,*,F,bodycare,Compound,*,*,body/NNG/*+care/NNG/*
bodylotion,,,,NNG,*,F,bodylotion,Compound,*,*,body/NNG/*+lotion/NNG/*
bodysuit,,,,NNG,*,F,bodysuit,Compound,*,*,body/NNG/*+suit/NNG/*
bodywash,,,,NNG,*,F,bodywash,Compound,*,*,body/NNG/*+wash/NNG/*
boggimilano,,,,NNG,*,F,boggimilano,Compound,*,*,boggi/NNG/*+milano/NNG/*
bonechina,,,,NNG,*,F,bonechina,Compound,*,*,bone/NNG/*+china/NNG/*
bonniealex,,,,NNG,*,F,bonniealex,Compound,*,*,bonnie/NNG/*+alex/NNG/*
bonoboss,,,,NNG,*,F,bonoboss,Compound,*,*,bono/NNG/*+boss/NNG/*
boogieboard,,,,NNG,*,F,boogieboard,Compound,*,*,boogie/NNG/*+board/NNG/*
bookbag,,,,NNG,*,F,bookbag,Compound,*,*,book/NNG/*+bag/NNG/*
bookcase,,,,NNG,*,F,bookcase,Compound,*,*,book/NNG/*+case/NNG/*
booklight,,,,NNG,*,F,booklight,Compound,*,*,book/NNG/*+light/NNG/*
bookstand,,,,NNG,*,F,bookstand,Compound,*,*,book/NNG/*+stand/NNG/*
booniehat,,,,NNG,*,F,booniehat,Compound,*,*,boonie/NNG/*+hat/NNG/*
bossmonster,,,,NNG,*,F,bossmonster,Compound,*,*,boss/NNG/*+monster/NNG/*
bosswiz,,,,NNG,*,F,bosswiz,Compound,*,*,boss/NNG/*+wiz/NNG/*
bostonbag,,,,NNG,*,F,bostonbag,Compound,*,*,boston/NNG/*+bag/NNG/*
bottegaveneta,,,,NNG,*,F,bottegaveneta,Compound,*,*,bottega/NNG/*+veneta/NNG/*
boxtap,,,,NNG,*,F,boxtap,Compound,*,*,box/NNG/*+tap/NNG/*
brightview,,,,NNG,*,F,brightview,Compound,*,*,bright/NNG/*+view/NNG/*
brionvega,,,,NNG,*,F,brionvega,Compound,*,*,brion/NNG/*+vega/NNG/*
broadlink,,,,NNG,*,F,broadlink,Compound,*,*,broad/NNG/*+link/NNG/*
brunellocucinelli,,,,NNG,*,F,brunellocucinelli,Compound,*,*,brunello/NNG/*+cucinelli/NNG/*
bubblebum,,,,NNG,*,F,bubblebum,Compound,*,*,bubble/NNG/*+bum/NNG/*
buckethat,,,,NNG,*,F,buckethat,Compound,*,*,bucket/NNG/*+hat/NNG/*
bucklebag,,,,NNG,*,F,bucklebag,Compound,*,*,buckle/NNG/*+bag/NNG/*
bugaboobee,,,,NNG,*,F,bugaboobee,Compound,*,*,bugaboo/NNG/*+bee/NNG/*
burtsbee,,,,NNG,*,F,burtsbee,Compound,*,*,burts/NNG/*+bee/NNG/*
burtsbees,,,,NNG,*,F,burtsbees,Compound,*,*,burts/NNG/*+bees/NNG/*
businessbag,,,,NNG,*,F,businessbag,Compound,*,*,business/NNG/*+bag/NNG/*
cacaonibs,,,,NNG,*,F,cacaonibs,Compound,*,*,cacao/NNG/*+nibs/NNG/*
camerabag,,,,NNG,*,F,camerabag,Compound,*,*,camera/NNG/*+bag/NNG/*
canadagoose,,,,NNG,*,F,canadagoose,Compound,*,*,canada/NNG/*+goose/NNG/*
canadagoosekids,,,,NNG,*,F,canadagoosekids,Compound,*,*,canada/NNG/*+goose/NNG/*+kids/NNG/*
candleholder,,,,NNG,*,F,candleholder,Compound,*,*,candle/NNG/*+holder/NNG/*
carcharger,,,,NNG,*,F,carcharger,Compound,*,*,car/NNG/*+charger/NNG/*
caresens,,,,NNG,*,F,caresens,Compound,*,*,care/NNG/*+sens/NNG/*
casabugatti,,,,NNG,*,F,casabugatti,Compound,*,*,casa/NNG/*+bugatti/NNG/*
cashmerecoat,,,,NNG,*,F,cashmerecoat,Compound,*,*,cashmere/NNG/*+coat/NNG/*
castpro,,,,NNG,*,F,castpro,Compound,*,*,cast/NNG/*+pro/NNG/*
caterinalucchi,,,,NNG,*,F,caterinalucchi,Compound,*,*,caterina/NNG/*+lucchi/NNG/*
cathkidston,,,,NNG,*,F,cathkidston,Compound,*,*,cath/NNG/*+kidston/NNG/*
cdplayer,,,,NNG,*,F,cdplayer,Compound,*,*,cd/NNG/*+player/NNG/*
cdrom,,,,NNG,*,F,cdrom,Compound,*,*,cd/NNG/*+rom/NNG/*
cdwriter,,,,NNG,*,F,cdwriter,Compound,*,*,cd/NNG/*+writer/NNG/*
ceilingfan,,,,NNG,*,F,ceilingfan,Compound,*,*,ceiling/NNG/*+fan/NNG/*
cesarepaciotti,,,,NNG,*,F,cesarepaciotti,Compound,*,*,cesare/NNG/*+paciotti/NNG/*
chainbag,,,,NNG,*,F,chainbag,Compound,*,*,chain/NNG/*+bag/NNG/*
chalkbag,,,,NNG,*,F,chalkbag,Compound,*,*,chalk/NNG/*+bag/NNG/*
chanelbag,,,,NNG,*,F,chanelbag,Compound,*,*,chanel/NNG/*+bag/NNG/*
charleskeith,,,,NNG,*,F,charleskeith,Compound,*,*,charles/NNG/*+keith/NNG/*
chiaseed,,,,NNG,*,F,chiaseed,Compound,*,*,chia/NNG/*+seed/NNG/*
chiaseeds,,,,NNG,*,F,chiaseeds,Compound,*,*,chia/NNG/*+seeds/NNG/*
chrischristy,,,,NNG,*,F,chrischristy,Compound,*,*,chris/NNG/*+christy/NNG/*
christiandior,,,,NNG,*,F,christiandior,Compound,*,*,christian/NNG/*+dior/NNG/*
ckone,,,,NNG,*,F,ckone,Compound,*,*,ck/NNG/*+one/NNG/*
cleanpop,,,,NNG,*,F,cleanpop,Compound,*,*,clean/NNG/*+pop/NNG/*
cleansingoil,,,,NNG,*,F,cleansingoil,Compound,*,*,cleansing/NNG/*+oil/NNG/*
clickpack,,,,NNG,*,F,clickpack,Compound,*,*,click/NNG/*+pack/NNG/*
clutchbag,,,,NNG,*,F,clutchbag,Compound,*,*,clutch/NNG/*+bag/NNG/*
coachbag,,,,NNG,*,F,coachbag,Compound,*,*,coach/NNG/*+bag/NNG/*
coolshot,,,,NNG,*,F,coolshot,Compound,*,*,cool/NNG/*+shot/NNG/*
corduroypant,,,,NNG,*,F,corduroypant,Compound,*,*,corduroy/NNG/*+pant/NNG/*
corduroypants,,,,NNG,*,F,corduroypants,Compound,*,*,corduroy/NNG/*+pants/NNG/*
cordzero,,,,NNG,*,F,cordzero,Compound,*,*,cord/NNG/*+zero/NNG/*
costanova,,,,NNG,*,F,costanova,Compound,*,*,costa/NNG/*+nova/NNG/*
crossbag,,,,NNG,*,F,crossbag,Compound,*,*,cross/NNG/*+bag/NNG/*
crossfirex,,,,NNG,*,F,crossfirex,Compound,*,*,cross/NNG/*+fire/NNG/*+x/NNG/*
crossfit,,,,NNG,*,F,crossfit,Compound,*,*,cross/NNG/*+fit/NNG/*
crystalshield,,,,NNG,*,F,crystalshield,Compound,*,*,crystal/NNG/*+shield/NNG/*
damplock,,,,NNG,*,F,damplock,Compound,*,*,damp/NNG/*+lock/NNG/*
deckhassium,,,,NNG,*,F,deckhassium,Compound,*,*,deck/NNG/*+hassium/NNG/*
deckhassiumpro,,,,NNG,*,F,deckhassiumpro,Compound,*,*,deck/NNG/*+hassium/NNG/*+pro/NNG/*
deepcool,,,,NNG,*,F,deepcool,Compound,*,*,deep/NNG/*+cool/NNG/*
digitalcamera,,,,NNG,*,F,digitalcamera,Compound,*,*,digital/NNG/*+camera/NNG/*
displayport,,,,NNG,*,F,displayport,Compound,*,*,display/NNG/*+port/NNG/*
diykit,,,,NNG,*,F,diykit,Compound,*,*,diy/NNG/*+kit/NNG/*
djmax,,,,NNG,*,F,djmax,Compound,*,*,dj/NNG/*+max/NNG/*
dolcegusto,,,,NNG,*,F,dolcegusto,Compound,*,*,dolce/NNG/*+gusto/NNG/*
dsptv,,,,NNG,*,F,dsptv,Compound,*,*,dsp/NNG/*+tv/NNG/*
dsub,,,,NNG,*,F,dsub,Compound,*,*,d/NNG/*+sub/NNG/*
dualeye,,,,NNG,*,F,dualeye,Compound,*,*,dual/NNG/*+eye/NNG/*
duckbag,,,,NNG,*,F,duckbag,Compound,*,*,duck/NNG/*+bag/NNG/*
duckboots,,,,NNG,*,F,duckboots,Compound,*,*,duck/NNG/*+boots/NNG/*
duckdown,,,,NNG,*,F,duckdown,Compound,*,*,duck/NNG/*+down/NNG/*
duoderm,,,,NNG,*,F,duoderm,Compound,*,*,duo/NNG/*+derm/NNG/*
duraace,,,,NNG,*,F,duraace,Compound,*,*,dura/NNG/*+ace/NNG/*
dustbag,,,,NNG,*,F,dustbag,Compound,*,*,dust/NNG/*+bag/NNG/*
duvetbar,,,,NNG,*,F,duvetbar,Compound,*,*,duvet/NNG/*+bar/NNG/*
dvdplayer,,,,NNG,*,F,dvdplayer,Compound,*,*,dvd/NNG/*+player/NNG/*
dvdram,,,,NNG,*,F,dvdram,Compound,*,*,dvd/NNG/*+ram/NNG/*
dvdrom,,,,NNG,*,F,dvdrom,Compound,*,*,dvd/NNG/*+rom/NNG/*
dvdrw,,,,NNG,*,F,dvdrw,Compound,*,*,dvd/NNG/*+rw/NNG/*
dvdtitle,,,,NNG,*,F,dvdtitle,Compound,*,*,dvd/NNG/*+title/NNG/*
dxracer,,,,NNG,*,F,dxracer,Compound,*,*,dx/NNG/*+racer/NNG/*
dzeroking,,,,NNG,*,F,dzeroking,Compound,*,*,d/NNG/*+zero/NNG/*+king/NNG/*
earbuds,,,,NNG,*,F,earbuds,Compound,*,*,ear/NNG/*+buds/NNG/*
earplugs,,,,NNG,*,F,earplugs,Compound,*,*,ear/NNG/*+plugs/NNG/*
earpods,,,,NNG,*,F,earpods,Compound,*,*,ear/NNG/*+pods/NNG/*
eastpack,,,,NNG,*,F,eastpack,Compound,*,*,east/NNG/*+pack/NNG/*
easyblue,,,,NNG,*,F,easyblue,Compound,*,*,easy/NNG/*+blue/NNG/*
easycam,,,,NNG,*,F,easycam,Compound,*,*,easy/NNG/*+cam/NNG/*
easycamp,,,,NNG,*,F,easycamp,Compound,*,*,easy/NNG/*+cam/NNG/*+p/NNG/*
easyn,,,,NNG,*,F,easyn,Compound,*,*,easy/NNG/*+n/NNG/*
easystore,,,,NNG,*,F,easystore,Compound,*,*,easy/NNG/*+store/NNG/*
ecobag,,,,NNG,*,F,ecobag,Compound,*,*,eco/NNG/*+bag/NNG/*
elandjunior,,,,NNG,*,F,elandjunior,Compound,*,*,eland/NNG/*+junior/NNG/*
elephantears,,,,NNG,*,F,elephantears,Compound,*,*,elephant/NNG/*+ears/NNG/*
elitebook,,,,NNG,*,F,elitebook,Compound,*,*,elite/NNG/*+book/NNG/*
elitedesk,,,,NNG,*,F,elitedesk,Compound,*,*,elite/NNG/*+desk/NNG/*
elkabong,,,,NNG,*,F,elkabong,Compound,*,*,el/NNG/*+kabong/NNG/*
energypad,,,,NNG,*,F,energypad,Compound,*,*,energy/NNG/*+pad/NNG/*
engineoil,,,,NNG,*,F,engineoil,Compound,*,*,engine/NNG/*+oil/NNG/*
englishtime,,,,NNG,*,F,englishtime,Compound,*,*,english/NNG/*+time/NNG/*
ergorapido,,,,NNG,*,F,ergorapido,Compound,*,*,ergo/NNG/*+rapido/NNG/*
ergostand,,,,NNG,*,F,ergostand,Compound,*,*,ergo/NNG/*+stand/NNG/*
etmini,,,,NNG,*,F,etmini,Compound,*,*,et/NNG/*+mini/NNG/*
etudehouse,,,,NNG,*,F,etudehouse,Compound,*,*,etude/NNG/*+house/NNG/*
evnroll,,,,NNG,*,F,evnroll,Compound,*,*,evn/NNG/*+roll/NNG/*
exmair,,,,NNG,*,F,exmair,Compound,*,*,ex/NNG/*+m/NNG/*+air/NNG/*
eyebalm,,,,NNG,*,F,eyebalm,Compound,*,*,eye/NNG/*+balm/NNG/*
eyebrow,,,,NNG,*,F,eyebrow,Compound,*,*,eye/NNG/*+brow/NNG/*
eyecream,,,,NNG,*,F,eyecream,Compound,*,*,eye/NNG/*+cream/NNG/*
eyefi,,,,NNG,*,F,eyefi,Compound,*,*,eye/NNG/*+fi/NNG/*
eyefix,,,,NNG,*,F,eyefix,Compound,*,*,eye/NNG/*+fi/NNG/*+x/NNG/*
eyeshadow,,,,NNG,*,F,eyeshadow,Compound,*,*,eye/NNG/*+shadow/NNG/*
eyestick,,,,NNG,*,F,eyestick,Compound,*,*,eye/NNG/*+stick/NNG/*
eyewear,,,,NNG,*,F,eyewear,Compound,*,*,eye/NNG/*+wear/NNG/*
ezcast,,,,NNG,*,F,ezcast,Compound,*,*,ez/NNG/*+cast/NNG/*
fakesocks,,,,NNG,*,F,fakesocks,Compound,*,*,fake/NNG/*+socks/NNG/*
fastcamp,,,,NNG,*,F,fastcamp,Compound,*,*,fast/NNG/*+camp/NNG/*
fatdown,,,,NNG,*,F,fatdown,Compound,*,*,fat/NNG/*+down/NNG/*
fendibag,,,,NNG,*,F,fendibag,Compound,*,*,fendi/NNG/*+bag/NNG/*
ferragamobag,,,,NNG,*,F,ferragamobag,Compound,*,*,ferragamo/NNG/*+bag/NNG/*
filagolf,,,,NNG,*,F,filagolf,Compound,*,*,fila/NNG/*+golf/NNG/*
filakids,,,,NNG,*,F,filakids,Compound,*,*,fila/NNG/*+kids/NNG/*
firefly,,,,NNG,*,F,firefly,Compound,*,*,fire/NNG/*+fly/NNG/*
fitbit,,,,NNG,*,F,fitbit,Compound,*,*,fit/NNG/*+bit/NNG/*
fitflop,,,,NNG,*,F,fitflop,Compound,*,*,fit/NNG/*+flop/NNG/*
flapbag,,,,NNG,*,F,flapbag,Compound,*,*,flap/NNG/*+bag/NNG/*
flashair,,,,NNG,*,F,flashair,Compound,*,*,flash/NNG/*+air/NNG/*
flashstand,,,,NNG,*,F,flashstand,Compound,*,*,flash/NNG/*+stand/NNG/*
flatsandal,,,,NNG,*,F,flatsandal,Compound,*,*,flat/NNG/*+sandal/NNG/*
flatshoe,,,,NNG,*,F,flatshoe,Compound,*,*,flat/NNG/*+shoe/NNG/*
flatshoes,,,,NNG,*,F,flatshoes,Compound,*,*,flat/NNG/*+shoes/NNG/*
flipflop,,,,NNG,*,F,flipflop,Compound,*,*,flip/NNG/*+flop/NNG/*
floppyhat,,,,NNG,*,F,floppyhat,Compound,*,*,floppy/NNG/*+hat/NNG/*
flyfit,,,,NNG,*,F,flyfit,Compound,*,*,fly/NNG/*+fit/NNG/*
foamroller,,,,NNG,*,F,foamroller,Compound,*,*,foam/NNG/*+roller/NNG/*
foldingbag,,,,NNG,*,F,foldingbag,Compound,*,*,folding/NNG/*+bag/NNG/*
foldingtable,,,,NNG,*,F,foldingtable,Compound,*,*,folding/NNG/*+table/NNG/*
forcerecon,,,,NNG,*,F,forcerecon,Compound,*,*,force/NNG/*+recon/NNG/*
frenchcat,,,,NNG,*,F,frenchcat,Compound,*,*,french/NNG/*+cat/NNG/*
fujicamera,,,,NNG,*,F,fujicamera,Compound,*,*,fuji/NNG/*+camera/NNG/*
fujifilm,,,,NNG,*,F,fujifilm,Compound,*,*,fuji/NNG/*+film/NNG/*
fullhd,,,,NNG,*,F,fullhd,Compound,*,*,full/NNG/*+hd/NNG/*
fullhdledtv,,,,NNG,*,F,fullhdledtv,Compound,*,*,full/NNG/*+hd/NNG/*+led/NNG/*+tv/NNG/*
fullhdtv,,,,NNG,*,F,fullhdtv,Compound,*,*,full/NNG/*+hd/NNG/*+tv/NNG/*
furboots,,,,NNG,*,F,furboots,Compound,*,*,fur/NNG/*+boots/NNG/*
furcharm,,,,NNG,*,F,furcharm,Compound,*,*,fur/NNG/*+charm/NNG/*
furcoat,,,,NNG,*,F,furcoat,Compound,*,*,fur/NNG/*+coat/NNG/*
furjacket,,,,NNG,*,F,furjacket,Compound,*,*,fur/NNG/*+jacket/NNG/*
furjumper,,,,NNG,*,F,furjumper,Compound,*,*,fur/NNG/*+jumper/NNG/*
furlabag,,,,NNG,*,F,furlabag,Compound,*,*,furla/NNG/*+bag/NNG/*
furmuffler,,,,NNG,*,F,furmuffler,Compound,*,*,fur/NNG/*+muffler/NNG/*
furvest,,,,NNG,*,F,furvest,Compound,*,*,fur/NNG/*+vest/NNG/*
galaxyalpha,,,,NNG,*,F,galaxyalpha,Compound,*,*,galaxy/NNG/*+alpha/NNG/*
galaxybeam,,,,NNG,*,F,galaxybeam,Compound,*,*,galaxy/NNG/*+beam/NNG/*
galaxybook,,,,NNG,*,F,galaxybook,Compound,*,*,galaxy/NNG/*+book/NNG/*
galaxyedge,,,,NNG,*,F,galaxyedge,Compound,*,*,galaxy/NNG/*+edge/NNG/*
galaxyfe,,,,NNG,*,F,galaxyfe,Compound,*,*,galaxy/NNG/*+fe/NNG/*
galaxygear,,,,NNG,*,F,galaxygear,Compound,*,*,galaxy/NNG/*+gear/NNG/*
galaxygolden,,,,NNG,*,F,galaxygolden,Compound,*,*,galaxy/NNG/*+golden/NNG/*
galaxygrand,,,,NNG,*,F,galaxygrand,Compound,*,*,galaxy/NNG/*+grand/NNG/*
galaxygrandmax,,,,NNG,*,F,galaxygrandmax,Compound,*,*,galaxy/NNG/*+grand/NNG/*+max/NNG/*
galaxym,,,,NNG,*,F,galaxym,Compound,*,*,galaxy/NNG/*+m/NNG/*
galaxymega,,,,NNG,*,F,galaxymega,Compound,*,*,galaxy/NNG/*+mega/NNG/*
galaxynote,,,,NNG,*,F,galaxynote,Compound,*,*,galaxy/NNG/*+note/NNG/*
galaxynotepro,,,,NNG,*,F,galaxynotepro,Compound,*,*,galaxy/NNG/*+note/NNG/*+pro/NNG/*
galaxyon,,,,NNG,*,F,galaxyon,Compound,*,*,galaxy/NNG/*+on/NNG/*
galaxys,,,,NNG,*,F,galaxys,Compound,*,*,galaxy/NNG/*+s/NNG/*
galaxytab,,,,NNG,*,F,galaxytab,Compound,*,*,galaxy/NNG/*+tab/NNG/*
galaxytap,,,,NNG,*,F,galaxytap,Compound,*,*,galaxy/NNG/*+tap/NNG/*
galaxyview,,,,NNG,*,F,galaxyview,Compound,*,*,galaxy/NNG/*+view/NNG/*
galaxywatch,,,,NNG,*,F,galaxywatch,Compound,*,*,galaxy/NNG/*+watch/NNG/*
galaxywide,,,,NNG,*,F,galaxywide,Compound,*,*,galaxy/NNG/*+wide/NNG/*
gamepad,,,,NNG,*,F,gamepad,Compound,*,*,game/NNG/*+pad/NNG/*
gapkids,,,,NNG,*,F,gapkids,Compound,*,*,gap/NNG/*+kids/NNG/*
getmoving,,,,NNG,*,F,getmoving,Compound,*,*,get/NNG/*+moving/NNG/*
gigabyte,,,,NNG,*,F,gigabyte,Compound,*,*,giga/NNG/*+byte/NNG/*
gingerbon,,,,NNG,*,F,gingerbon,Compound,*,*,ginger/NNG/*+bon/NNG/*
gmax,,,,NNG,*,F,gmax,Compound,*,*,g/NNG/*+max/NNG/*
gogrip,,,,NNG,*,F,gogrip,Compound,*,*,go/NNG/*+grip/NNG/*
gopro,,,,NNG,*,F,gopro,Compound,*,*,go/NNG/*+pro/NNG/*
gotway,,,,NNG,*,F,gotway,Compound,*,*,got/NNG/*+way/NNG/*
gowalk,,,,NNG,*,F,gowalk,Compound,*,*,go/NNG/*+walk/NNG/*
gpack,,,,NNG,*,F,gpack,Compound,*,*,g/NNG/*+pack/NNG/*
gpad,,,,NNG,*,F,gpad,Compound,*,*,g/NNG/*+pad/NNG/*
gpass,,,,NNG,*,F,gpass,Compound,*,*,g/NNG/*+pass/NNG/*
gpro,,,,NNG,*,F,gpro,Compound,*,*,g/NNG/*+pro/NNG/*
gshock,,,,NNG,*,F,gshock,Compound,*,*,g/NNG/*+shock/NNG/*
handheld,,,,NNG,*,F,handheld,Compound,*,*,hand/NNG/*+held/NNG/*
happycall,,,,NNG,*,F,happycall,Compound,*,*,happy/NNG/*+call/NNG/*
hdledtv,,,,NNG,*,F,hdledtv,Compound,*,*,hd/NNG/*+led/NNG/*+tv/NNG/*
hdlte,,,,NNG,*,F,hdlte,Compound,*,*,hd/NNG/*+lte/NNG/*
hdmitodvi,,,,NNG,*,F,hdmitodvi,Compound,*,*,hdmi/NNG/*+to/NNG/*+dvi/NNG/*
hdtv,,,,NNG,*,F,hdtv,Compound,*,*,hd/NNG/*+tv/NNG/*
headphone,,,,NNG,*,F,headphone,Compound,*,*,head/NNG/*+phone/NNG/*
heatsink,,,,NNG,*,F,heatsink,Compound,*,*,heat/NNG/*+sink/NNG/*
hexbug,,,,NNG,*,F,hexbug,Compound,*,*,hex/NNG/*+bug/NNG/*
hibox,,,,NNG,*,F,hibox,Compound,*,*,hi/NNG/*+box/NNG/*
highspeed,,,,NNG,*,F,highspeed,Compound,*,*,high/NNG/*+speed/NNG/*
hikvision,,,,NNG,*,F,hikvision,Compound,*,*,hik/NNG/*+vision/NNG/*
hotpoint,,,,NNG,*,F,hotpoint,Compound,*,*,hot/NNG/*+point/NNG/*
hyperdrive,,,,NNG,*,F,hyperdrive,Compound,*,*,hyper/NNG/*+drive/NNG/*
ibmthinkpad,,,,NNG,*,F,ibmthinkpad,Compound,*,*,ibm/NNG/*+think/NNG/*+pad/NNG/*
icablelink,,,,NNG,*,F,icablelink,Compound,*,*,i/NNG/*+cable/NNG/*+link/NNG/*
icchome,,,,NNG,*,F,icchome,Compound,*,*,icc/NNG/*+home/NNG/*
ideapad,,,,NNG,*,F,ideapad,Compound,*,*,idea/NNG/*+pad/NNG/*
ideawalk,,,,NNG,*,F,ideawalk,Compound,*,*,idea/NNG/*+walk/NNG/*
ikmx,,,,NNG,*,F,ikmx,Compound,*,*,ik/NNG/*+mx/NNG/*
imotiv,,,,NNG,*,F,imotiv,Compound,*,*,i/NNG/*+motiv/NNG/*
ionlatex,,,,NNG,*,F,ionlatex,Compound,*,*,ion/NNG/*+latex/NNG/*
ipadair,,,,NNG,*,F,ipadair,Compound,*,*,ipad/NNG/*+air/NNG/*
ipcam,,,,NNG,*,F,ipcam,Compound,*,*,ip/NNG/*+cam/NNG/*
iphonecase,,,,NNG,*,F,iphonecase,Compound,*,*,iphone/NNG/*+case/NNG/*
iphonese,,,,NNG,*,F,iphonese,Compound,*,*,iphone/NNG/*+se/NNG/*
iphonex,,,,NNG,*,F,iphonex,Compound,*,*,iphone/NNG/*+x/NNG/*
iptime,,,,NNG,*,F,iptime,Compound,*,*,ip/NNG/*+time/NNG/*
isofix,,,,NNG,*,F,isofix,Compound,*,*,iso/NNG/*+fix/NNG/*
jansports,,,,NNG,*,F,jansports,Compound,*,*,jan/NNG/*+sports/NNG/*
jaybird,,,,NNG,*,F,jaybird,Compound,*,*,jay/NNG/*+bird/NNG/*
jetbook,,,,NNG,*,F,jetbook,Compound,*,*,jet/NNG/*+book/NNG/*
jetdrive,,,,NNG,*,F,jetdrive,Compound,*,*,jet/NNG/*+drive/NNG/*
jetstream,,,,NNG,*,F,jetstream,Compound,*,*,jet/NNG/*+stream/NNG/*
jimmychoo,,,,NNG,*,F,jimmychoo,Compound,*,*,jimmy/NNG/*+choo/NNG/*
joeybigtinrainbowmediumclearwater,,,,NNG,*,F,joeybigtinrainbowmediumclearwater,Compound,*,*,joeybigtinrainbowmediumclearwate/NNG/*+r/NNG/*
jupazip,,,,NNG,*,F,jupazip,Compound,*,*,jupa/NNG/*+zip/NNG/*
justlink,,,,NNG,*,F,justlink,Compound,*,*,just/NNG/*+link/NNG/*
labelm,,,,NNG,*,F,labelm,Compound,*,*,label/NNG/*+m/NNG/*
lacrememain,,,,NNG,*,F,lacrememain,Compound,*,*,la/NNG/*+creme/NNG/*+main/NNG/*
lazboy,,,,NNG,*,F,lazboy,Compound,*,*,laz/NNG/*+boy/NNG/*
lazybee,,,,NNG,*,F,lazybee,Compound,*,*,lazy/NNG/*+bee/NNG/*
lcdtv,,,,NNG,*,F,lcdtv,Compound,*,*,lcd/NNG/*+tv/NNG/*
leanback,,,,NNG,*,F,leanback,Compound,*,*,lean/NNG/*+back/NNG/*
leatherman,,,,NNG,*,F,leatherman,Compound,*,*,leather/NNG/*+man/NNG/*
lebody,,,,NNG,*,F,lebody,Compound,*,*,le/NNG/*+body/NNG/*
ledtv,,,,NNG,*,F,ledtv,Compound,*,*,led/NNG/*+tv/NNG/*
leicamp,,,,NNG,*,F,leicamp,Compound,*,*,leica/NNG/*+mp/NNG/*
lepapa,,,,NNG,*,F,lepapa,Compound,*,*,le/NNG/*+papa/NNG/*
lgdios,,,,NNG,*,F,lgdios,Compound,*,*,lg/NNG/*+dios/NNG/*
lggpad,,,,NNG,*,F,lggpad,Compound,*,*,lg/NNG/*+g/NNG/*+pad/NNG/*
lggpro,,,,NNG,*,F,lggpro,Compound,*,*,lg/NNG/*+g/NNG/*+pro/NNG/*
lggram,,,,NNG,*,F,lggram,Compound,*,*,lg/NNG/*+gram/NNG/*
lggx,,,,NNG,*,F,lggx,Compound,*,*,lg/NNG/*+gx/NNG/*
lgibe,,,,NNG,*,F,lgibe,Compound,*,*,lg/NNG/*+ibe/NNG/*
lgibm,,,,NNG,*,F,lgibm,Compound,*,*,lg/NNG/*+ibm/NNG/*
lginfinia,,,,NNG,*,F,lginfinia,Compound,*,*,lg/NNG/*+infinia/NNG/*
lglcd,,,,NNG,*,F,lglcd,Compound,*,*,lg/NNG/*+lcd/NNG/*
lglcdtv,,,,NNG,*,F,lglcdtv,Compound,*,*,lg/NNG/*+lcd/NNG/*+tv/NNG/*
lgledtv,,,,NNG,*,F,lgledtv,Compound,*,*,lg/NNG/*+led/NNG/*+tv/NNG/*
lglogix,,,,NNG,*,F,lglogix,Compound,*,*,lg/NNG/*+logix/NNG/*
lgpc,,,,NNG,*,F,lgpc,Compound,*,*,lg/NNG/*+pc/NNG/*
lgsmarttv,,,,NNG,*,F,lgsmarttv,Compound,*,*,lg/NNG/*+smart/NNG/*+tv/NNG/*
lgstyler,,,,NNG,*,F,lgstyler,Compound,*,*,lg/NNG/*+styler/NNG/*
lgtv,,,,NNG,*,F,lgtv,Compound,*,*,lg/NNG/*+tv/NNG/*
lguplus,,,,NNG,*,F,lguplus,Compound,*,*,lg/NNG/*+uplus/NNG/*
lgwhisen,,,,NNG,*,F,lgwhisen,Compound,*,*,lg/NNG/*+whisen/NNG/*
lgxnote,,,,NNG,*,F,lgxnote,Compound,*,*,lg/NNG/*+x/NNG/*+note/NNG/*
lifetrons,,,,NNG,*,F,lifetrons,Compound,*,*,life/NNG/*+trons/NNG/*
lillypots,,,,NNG,*,F,lillypots,Compound,*,*,lilly/NNG/*+pots/NNG/*
limegreen,,,,NNG,*,F,limegreen,Compound,*,*,lime/NNG/*+green/NNG/*
longcilsboncza,,,,NNG,*,F,longcilsboncza,Compound,*,*,longcils/NNG/*+boncza/NNG/*
longsleeved,,,,NNG,*,F,longsleeved,Compound,*,*,long/NNG/*+sleeved/NNG/*
longtee,,,,NNG,*,F,longtee,Compound,*,*,long/NNG/*+tee/NNG/*
longvest,,,,NNG,*,F,longvest,Compound,*,*,long/NNG/*+vest/NNG/*
lookoptical,,,,NNG,*,F,lookoptical,Compound,*,*,look/NNG/*+optical/NNG/*
loomband,,,,NNG,*,F,loomband,Compound,*,*,loom/NNG/*+band/NNG/*
looneytoons,,,,NNG,*,F,looneytoons,Compound,*,*,looney/NNG/*+toons/NNG/*
loosetee,,,,NNG,*,F,loosetee,Compound,*,*,loose/NNG/*+tee/NNG/*
lorafrances,,,,NNG,*,F,lorafrances,Compound,*,*,lora/NNG/*+frances/NNG/*
lornajane,,,,NNG,*,F,lornajane,Compound,*,*,lorna/NNG/*+jane/NNG/*
loropiana,,,,NNG,*,F,loropiana,Compound,*,*,loro/NNG/*+piana/NNG/*
losangeles,,,,NNG,*,F,losangeles,Compound,*,*,los/NNG/*+angeles/NNG/*
lotstocuddle,,,,NNG,*,F,lotstocuddle,Compound,*,*,lots/NNG/*+to/NNG/*+cuddle/NNG/*
loudalton,,,,NNG,*,F,loudalton,Compound,*,*,lou/NNG/*+dalton/NNG/*
louiscastel,,,,NNG,*,F,louiscastel,Compound,*,*,louis/NNG/*+castel/NNG/*
louisdog,,,,NNG,*,F,louisdog,Compound,*,*,louis/NNG/*+dog/NNG/*
louiserard,,,,NNG,*,F,louiserard,Compound,*,*,louis/NNG/*+erard/NNG/*
louisgarneau,,,,NNG,*,F,louisgarneau,Compound,*,*,louis/NNG/*+garneau/NNG/*
louisleeman,,,,NNG,*,F,louisleeman,Compound,*,*,louis/NNG/*+leeman/NNG/*
louisquartoz,,,,NNG,*,F,louisquartoz,Compound,*,*,louis/NNG/*+quartoz/NNG/*
louisquatorze,,,,NNG,*,F,louisquatorze,Compound,*,*,louis/NNG/*+quatorze/NNG/*
louisvassett,,,,NNG,*,F,louisvassett,Compound,*,*,louis/NNG/*+vassett/NNG/*
louisvitton,,,,NNG,*,F,louisvitton,Compound,*,*,louis/NNG/*+vitton/NNG/*
louisvuitton,,,,NNG,*,F,louisvuitton,Compound,*,*,louis/NNG/*+vuitton/NNG/*
lovebypurple,,,,NNG,*,F,lovebypurple,Compound,*,*,love/NNG/*+by/NNG/*+purple/NNG/*
lovememonster,,,,NNG,*,F,lovememonster,Compound,*,*,love/NNG/*+me/NNG/*+monster/NNG/*
lovemere,,,,NNG,*,F,lovemere,Compound,*,*,love/NNG/*+mere/NNG/*
lovespell,,,,NNG,*,F,lovespell,Compound,*,*,love/NNG/*+spell/NNG/*
lovinghome,,,,NNG,*,F,lovinghome,Compound,*,*,loving/NNG/*+home/NNG/*
lowealpine,,,,NNG,*,F,lowealpine,Compound,*,*,lowe/NNG/*+alpine/NNG/*
lowrysfarm,,,,NNG,*,F,lowrysfarm,Compound,*,*,lowrys/NNG/*+farm/NNG/*
lpbackpack,,,,NNG,*,F,lpbackpack,Compound,*,*,lp/NNG/*+backpack/NNG/*
ltea,,,,NNG,*,F,ltea,Compound,*,*,lte/NNG/*+a/NNG/*
lucatrazzi,,,,NNG,*,F,lucatrazzi,Compound,*,*,luca/NNG/*+trazzi/NNG/*
lucbesson,,,,NNG,*,F,lucbesson,Compound,*,*,luc/NNG/*+besson/NNG/*
luccacouture,,,,NNG,*,F,luccacouture,Compound,*,*,lucca/NNG/*+couture/NNG/*
lucianochoi,,,,NNG,*,F,lucianochoi,Compound,*,*,luciano/NNG/*+choi/NNG/*
lucidfall,,,,NNG,*,F,lucidfall,Compound,*,*,lucid/NNG/*+fall/NNG/*
luciekaas,,,,NNG,*,F,luciekaas,Compound,*,*,lucie/NNG/*+kaas/NNG/*
lucienpiccard,,,,NNG,*,F,lucienpiccard,Compound,*,*,lucien/NNG/*+piccard/NNG/*
luckybrand,,,,NNG,*,F,luckybrand,Compound,*,*,lucky/NNG/*+brand/NNG/*
luckychouette,,,,NNG,*,F,luckychouette,Compound,*,*,lucky/NNG/*+chouette/NNG/*
luckydog,,,,NNG,*,F,luckydog,Compound,*,*,lucky/NNG/*+dog/NNG/*
luerlok,,,,NNG,*,F,luerlok,Compound,*,*,luer/NNG/*+lok/NNG/*
luigicolani,,,,NNG,*,F,luigicolani,Compound,*,*,luigi/NNG/*+colani/NNG/*
luisaspagnoli,,,,NNG,*,F,luisaspagnoli,Compound,*,*,luisa/NNG/*+spagnoli/NNG/*
lukbooks,,,,NNG,*,F,lukbooks,Compound,*,*,luk/NNG/*+books/NNG/*
lulucastagnette,,,,NNG,*,F,lulucastagnette,Compound,*,*,lulu/NNG/*+castagnette/NNG/*
luluguinness,,,,NNG,*,F,luluguinness,Compound,*,*,lulu/NNG/*+guinness/NNG/*
lunasea,,,,NNG,*,F,lunasea,Compound,*,*,luna/NNG/*+sea/NNG/*
lunebleueamin,,,,NNG,*,F,lunebleueamin,Compound,*,*,lunebleue/NNG/*+a/NNG/*+min/NNG/*
luulightning,,,,NNG,*,F,luulightning,Compound,*,*,luu/NNG/*+lightning/NNG/*
luvistrue,,,,NNG,*,F,luvistrue,Compound,*,*,luv/NNG/*+is/NNG/*+true/NNG/*
maadstudio,,,,NNG,*,F,maadstudio,Compound,*,*,maad/NNG/*+studio/NNG/*
macaroniandcheese,,,,NNG,*,F,macaroniandcheese,Compound,*,*,macaroni/NNG/*+and/NNG/*+cheese/NNG/*
macaroot,,,,NNG,*,F,macaroot,Compound,*,*,maca/NNG/*+root/NNG/*
macbook,,,,NNG,*,F,macbook,Compound,*,*,mac/NNG/*+book/NNG/*
macbookpro,,,,NNG,*,F,macbookpro,Compound,*,*,mac/NNG/*+book/NNG/*+pro/NNG/*
macchili,,,,NNG,*,F,macchili,Compound,*,*,mac/NNG/*+chili/NNG/*
machinejeans,,,,NNG,*,F,machinejeans,Compound,*,*,machine/NNG/*+jeans/NNG/*
machupicchu,,,,NNG,*,F,machupicchu,Compound,*,*,machu/NNG/*+picchu/NNG/*
machview,,,,NNG,*,F,machview,Compound,*,*,mach/NNG/*+view/NNG/*
macmini,,,,NNG,*,F,macmini,Compound,*,*,mac/NNG/*+mini/NNG/*
macmoc,,,,NNG,*,F,macmoc,Compound,*,*,mac/NNG/*+moc/NNG/*
macosadamas,,,,NNG,*,F,macosadamas,Compound,*,*,macos/NNG/*+adamas/NNG/*
macpro,,,,NNG,*,F,macpro,Compound,*,*,mac/NNG/*+pro/NNG/*
macsafe,,,,NNG,*,F,macsafe,Compound,*,*,mac/NNG/*+safe/NNG/*
macsports,,,,NNG,*,F,macsports,Compound,*,*,mac/NNG/*+sports/NNG/*
madecobalm,,,,NNG,*,F,madecobalm,Compound,*,*,madeco/NNG/*+balm/NNG/*
magicarm,,,,NNG,*,F,magicarm,Compound,*,*,magic/NNG/*+arm/NNG/*
magiccan,,,,NNG,*,F,magiccan,Compound,*,*,magic/NNG/*+can/NNG/*
magicchef,,,,NNG,*,F,magicchef,Compound,*,*,magic/NNG/*+chef/NNG/*
magicpen,,,,NNG,*,F,magicpen,Compound,*,*,magic/NNG/*+pen/NNG/*
magistaorden,,,,NNG,*,F,magistaorden,Compound,*,*,magista/NNG/*+orden/NNG/*
magsafe,,,,NNG,*,F,magsafe,Compound,*,*,mag/NNG/*+safe/NNG/*
mahsoyoung,,,,NNG,*,F,mahsoyoung,Compound,*,*,mah/NNG/*+soyoung/NNG/*
mainboard,,,,NNG,*,F,mainboard,Compound,*,*,main/NNG/*+board/NNG/*
maisondeines,,,,NNG,*,F,maisondeines,Compound,*,*,maison/NNG/*+de/NNG/*+ines/NNG/*
maisonkitsune,,,,NNG,*,F,maisonkitsune,Compound,*,*,maison/NNG/*+kitsune/NNG/*
maisonmargiela,,,,NNG,*,F,maisonmargiela,Compound,*,*,maison/NNG/*+margiela/NNG/*
majahflavah,,,,NNG,*,F,majahflavah,Compound,*,*,majah/NNG/*+flavah/NNG/*
majorleague,,,,NNG,*,F,majorleague,Compound,*,*,major/NNG/*+league/NNG/*
majorleaguebaseball,,,,NNG,*,F,majorleaguebaseball,Compound,*,*,major/NNG/*+league/NNG/*+baseball/NNG/*
makenbreak,,,,NNG,*,F,makenbreak,Compound,*,*,make/NNG/*+n/NNG/*+break/NNG/*
makerbot,,,,NNG,*,F,makerbot,Compound,*,*,maker/NNG/*+bot/NNG/*
makeupforever,,,,NNG,*,F,makeupforever,Compound,*,*,make/NNG/*+up/NNG/*+for/NNG/*+ever/NNG/*
makinochaya,,,,NNG,*,F,makinochaya,Compound,*,*,makino/NNG/*+chaya/NNG/*
maluwilz,,,,NNG,*,F,maluwilz,Compound,*,*,malu/NNG/*+wilz/NNG/*
mamabee,,,,NNG,*,F,mamabee,Compound,*,*,mama/NNG/*+bee/NNG/*
mamaison,,,,NNG,*,F,mamaison,Compound,*,*,ma/NNG/*+maison/NNG/*
mamazhome,,,,NNG,*,F,mamazhome,Compound,*,*,mamaz/NNG/*+home/NNG/*
mamondebb,,,,NNG,*,F,mamondebb,Compound,*,*,mamonde/NNG/*+bb/NNG/*
manchesterunited,,,,NNG,*,F,manchesterunited,Compound,*,*,manchester/NNG/*+united/NNG/*
mandarinaduck,,,,NNG,*,F,mandarinaduck,Compound,*,*,mandarina/NNG/*+duck/NNG/*
mandarinebrothers,,,,NNG,*,F,mandarinebrothers,Compound,*,*,mandarine/NNG/*+brothers/NNG/*
mangokids,,,,NNG,*,F,mangokids,Compound,*,*,mango/NNG/*+kids/NNG/*
manhattanpassage,,,,NNG,*,F,manhattanpassage,Compound,*,*,manhattan/NNG/*+passage/NNG/*
manhattanportage,,,,NNG,*,F,manhattanportage,Compound,*,*,manhattan/NNG/*+portage/NNG/*
mannfilter,,,,NNG,*,F,mannfilter,Compound,*,*,mann/NNG/*+filter/NNG/*
manoloblahnik,,,,NNG,*,F,manoloblahnik,Compound,*,*,manolo/NNG/*+blahnik/NNG/*
mansurgavriel,,,,NNG,*,F,mansurgavriel,Compound,*,*,mansur/NNG/*+gavriel/NNG/*
manuelritz,,,,NNG,*,F,manuelritz,Compound,*,*,manuel/NNG/*+ritz/NNG/*
marahoffman,,,,NNG,*,F,marahoffman,Compound,*,*,mara/NNG/*+hoffman/NNG/*
marcb,,,,NNG,*,F,marcb,Compound,*,*,marc/NNG/*+b/NNG/*
marcbymarcjacobs,,,,NNG,*,F,marcbymarcjacobs,Compound,*,*,marc/NNG/*+by/NNG/*+marc/NNG/*+jacobs/NNG/*
marccain,,,,NNG,*,F,marccain,Compound,*,*,marc/NNG/*+cain/NNG/*
marceloburlon,,,,NNG,*,F,marceloburlon,Compound,*,*,marcelo/NNG/*+burlon/NNG/*
marchwith,,,,NNG,*,F,marchwith,Compound,*,*,march/NNG/*+with/NNG/*
marcjacobs,,,,NNG,*,F,marcjacobs,Compound,*,*,marc/NNG/*+jacobs/NNG/*
marcnewson,,,,NNG,*,F,marcnewson,Compound,*,*,marc/NNG/*+newson/NNG/*
maresavanti,,,,NNG,*,F,maresavanti,Compound,*,*,mares/NNG/*+avanti/NNG/*
margarethowell,,,,NNG,*,F,margarethowell,Compound,*,*,margaret/NNG/*+howell/NNG/*
margarinfingers,,,,NNG,*,F,margarinfingers,Compound,*,*,margarin/NNG/*+fingers/NNG/*
margesherwood,,,,NNG,*,F,margesherwood,Compound,*,*,marge/NNG/*+sherwood/NNG/*
mariagalland,,,,NNG,*,F,mariagalland,Compound,*,*,maria/NNG/*+galland/NNG/*
mariannekate,,,,NNG,*,F,mariannekate,Compound,*,*,marianne/NNG/*+kate/NNG/*
mariebyrd,,,,NNG,*,F,mariebyrd,Compound,*,*,marie/NNG/*+byrd/NNG/*
maristeiger,,,,NNG,*,F,maristeiger,Compound,*,*,mari/NNG/*+steiger/NNG/*
markryden,,,,NNG,*,F,markryden,Compound,*,*,mark/NNG/*+ryden/NNG/*
matebook,,,,NNG,*,F,matebook,Compound,*,*,mate/NNG/*+book/NNG/*
matureha,,,,NNG,*,F,matureha,Compound,*,*,mature/NNG/*+ha/NNG/*
maxtek,,,,NNG,*,F,maxtek,Compound,*,*,max/NNG/*+tek/NNG/*
maxtombow,,,,NNG,*,F,maxtombow,Compound,*,*,max/NNG/*+tombow/NNG/*
mbrunomagli,,,,NNG,*,F,mbrunomagli,Compound,*,*,m/NNG/*+bruno/NNG/*+magli/NNG/*
mcpay,,,,NNG,*,F,mcpay,Compound,*,*,mc/NNG/*+pay/NNG/*
megaq,,,,NNG,*,F,megaq,Compound,*,*,mega/NNG/*+q/NNG/*
megavision,,,,NNG,*,F,megavision,Compound,*,*,mega/NNG/*+vision/NNG/*
metallath,,,,NNG,*,F,metallath,Compound,*,*,metal/NNG/*+lath/NNG/*
mibox,,,,NNG,*,F,mibox,Compound,*,*,mi/NNG/*+box/NNG/*
michaelkors,,,,NNG,*,F,michaelkors,Compound,*,*,michael/NNG/*+kors/NNG/*
michaelkorsbag,,,,NNG,*,F,michaelkorsbag,Compound,*,*,michael/NNG/*+kors/NNG/*+bag/NNG/*
microcell,,,,NNG,*,F,microcell,Compound,*,*,micro/NNG/*+cell/NNG/*
microhdmi,,,,NNG,*,F,microhdmi,Compound,*,*,micro/NNG/*+hdmi/NNG/*
microsd,,,,NNG,*,F,microsd,Compound,*,*,micro/NNG/*+sd/NNG/*
microsdhc,,,,NNG,*,F,microsdhc,Compound,*,*,micro/NNG/*+sdhc/NNG/*
microsoft,,,,NNG,*,F,microsoft,Compound,*,*,micro/NNG/*+soft/NNG/*
minecraft,,,,NNG,*,F,minecraft,Compound,*,*,mine/NNG/*+craft/NNG/*
minidisplayport,,,,NNG,*,F,minidisplayport,Compound,*,*,mini/NNG/*+display/NNG/*+port/NNG/*
minidp,,,,NNG,*,F,minidp,Compound,*,*,mini/NNG/*+dp/NNG/*
mlimited,,,,NNG,*,F,mlimited,Compound,*,*,m/NNG/*+limited/NNG/*
mmissoni,,,,NNG,*,F,mmissoni,Compound,*,*,m/NNG/*+missoni/NNG/*
mobball,,,,NNG,*,F,mobball,Compound,*,*,mob/NNG/*+ball/NNG/*
mogone,,,,NNG,*,F,mogone,Compound,*,*,mog/NNG/*+one/NNG/*
moroccanoil,,,,NNG,*,F,moroccanoil,Compound,*,*,moroccan/NNG/*+oil/NNG/*
motherboard,,,,NNG,*,F,motherboard,Compound,*,*,mother/NNG/*+board/NNG/*
motorsport,,,,NNG,*,F,motorsport,Compound,*,*,motor/NNG/*+sport/NNG/*
motorsports,,,,NNG,*,F,motorsports,Compound,*,*,motor/NNG/*+sport/NNG/*+s/NNG/*
mountainboard,,,,NNG,*,F,mountainboard,Compound,*,*,mountain/NNG/*+board/NNG/*
multimedia,,,,NNG,*,F,multimedia,Compound,*,*,multi/NNG/*+media/NNG/*
multimediacards,,,,NNG,*,F,multimediacards,Compound,*,*,multi/NNG/*+media/NNG/*+cards/NNG/*
mydarak,,,,NNG,*,F,mydarak,Compound,*,*,my/NNG/*+darak/NNG/*
mymemoria,,,,NNG,*,F,mymemoria,Compound,*,*,my/NNG/*+memoria/NNG/*
mymic,,,,NNG,*,F,mymic,Compound,*,*,my/NNG/*+mic/NNG/*
nethard,,,,NNG,*,F,nethard,Compound,*,*,net/NNG/*+hard/NNG/*
newbelmar,,,,NNG,*,F,newbelmar,Compound,*,*,new/NNG/*+belmar/NNG/*
newid,,,,NNG,*,F,newid,Compound,*,*,new/NNG/*+id/NNG/*
newplus,,,,NNG,*,F,newplus,Compound,*,*,new/NNG/*+plus/NNG/*
newsurface,,,,NNG,*,F,newsurface,Compound,*,*,new/NNG/*+surface/NNG/*
newsync,,,,NNG,*,F,newsync,Compound,*,*,new/NNG/*+sync/NNG/*
newtom,,,,NNG,*,F,newtom,Compound,*,*,new/NNG/*+tom/NNG/*
nexcare,,,,NNG,*,F,nexcare,Compound,*,*,nex/NNG/*+care/NNG/*
nextbook,,,,NNG,*,F,nextbook,Compound,*,*,next/NNG/*+book/NNG/*
nexwide,,,,NNG,*,F,nexwide,Compound,*,*,nex/NNG/*+wide/NNG/*
ninewest,,,,NNG,*,F,ninewest,Compound,*,*,nine/NNG/*+west/NNG/*
nitecore,,,,NNG,*,F,nitecore,Compound,*,*,nite/NNG/*+core/NNG/*
nmouse,,,,NNG,*,F,nmouse,Compound,*,*,n/NNG/*+mouse/NNG/*
notebook,,,,NNG,*,F,notebook,Compound,*,*,note/NNG/*+book/NNG/*
noteedge,,,,NNG,*,F,noteedge,Compound,*,*,note/NNG/*+edge/NNG/*
notefe,,,,NNG,*,F,notefe,Compound,*,*,note/NNG/*+fe/NNG/*
nursecall,,,,NNG,*,F,nursecall,Compound,*,*,nurse/NNG/*+call/NNG/*
nxmini,,,,NNG,*,F,nxmini,Compound,*,*,nx/NNG/*+mini/NNG/*
nyquil,,,,NNG,*,F,nyquil,Compound,*,*,ny/NNG/*+quil/NNG/*
officejet,,,,NNG,*,F,officejet,Compound,*,*,office/NNG/*+jet/NNG/*
oledtv,,,,NNG,*,F,oledtv,Compound,*,*,oled/NNG/*+tv/NNG/*
onankorea,,,,NNG,*,F,onankorea,Compound,*,*,onan/NNG/*+korea/NNG/*
opamp,,,,NNG,*,F,opamp,Compound,*,*,op/NNG/*+amp/NNG/*
optiplex,,,,NNG,*,F,optiplex,Compound,*,*,opti/NNG/*+plex/NNG/*
oversized,,,,NNG,*,F,oversized,Compound,*,*,over/NNG/*+sized/NNG/*
pacsafe,,,,NNG,*,F,pacsafe,Compound,*,*,pac/NNG/*+safe/NNG/*
pancake,,,,NNG,*,F,pancake,Compound,*,*,pan/NNG/*+cake/NNG/*
parrotzik,,,,NNG,*,F,parrotzik,Compound,*,*,parrot/NNG/*+zik/NNG/*
pcbank,,,,NNG,*,F,pcbank,Compound,*,*,pc/NNG/*+bank/NNG/*
pcmcia,,,,NNG,*,F,pcmcia,Compound,*,*,pc/NNG/*+mcia/NNG/*
pdaphone,,,,NNG,*,F,pdaphone,Compound,*,*,pda/NNG/*+phone/NNG/*
pdptv,,,,NNG,*,F,pdptv,Compound,*,*,pdp/NNG/*+tv/NNG/*
phigolf,,,,NNG,*,F,phigolf,Compound,*,*,phi/NNG/*+golf/NNG/*
pindot,,,,NNG,*,F,pindot,Compound,*,*,pin/NNG/*+dot/NNG/*
playstation,,,,NNG,*,F,playstation,Compound,*,*,play/NNG/*+station/NNG/*
plusone,,,,NNG,*,F,plusone,Compound,*,*,plus/NNG/*+one/NNG/*
powerbilt,,,,NNG,*,F,powerbilt,Compound,*,*,power/NNG/*+bilt/NNG/*
powerbot,,,,NNG,*,F,powerbot,Compound,*,*,power/NNG/*+bot/NNG/*
proclean,,,,NNG,*,F,proclean,Compound,*,*,pro/NNG/*+clean/NNG/*
prodesk,,,,NNG,*,F,prodesk,Compound,*,*,pro/NNG/*+desk/NNG/*
prodrive,,,,NNG,*,F,prodrive,Compound,*,*,pro/NNG/*+drive/NNG/*
proslab,,,,NNG,*,F,proslab,Compound,*,*,pros/NNG/*+lab/NNG/*
protrek,,,,NNG,*,F,protrek,Compound,*,*,pro/NNG/*+trek/NNG/*
qicycle,,,,NNG,*,F,qicycle,Compound,*,*,qi/NNG/*+cycle/NNG/*
qled,,,,NNG,*,F,qled,Compound,*,*,q/NNG/*+led/NNG/*
qstar,,,,NNG,*,F,qstar,Compound,*,*,q/NNG/*+star/NNG/*
quattropower,,,,NNG,*,F,quattropower,Compound,*,*,quattro/NNG/*+power/NNG/*
quickcam,,,,NNG,*,F,quickcam,Compound,*,*,quick/NNG/*+cam/NNG/*
quickcharge,,,,NNG,*,F,quickcharge,Compound,*,*,quick/NNG/*+charge/NNG/*
quicklook,,,,NNG,*,F,quicklook,Compound,*,*,quick/NNG/*+look/NNG/*
quickshift,,,,NNG,*,F,quickshift,Compound,*,*,quick/NNG/*+shift/NNG/*
rattleware,,,,NNG,*,F,rattleware,Compound,*,*,rattle/NNG/*+ware/NNG/*
remychauvin,,,,NNG,*,F,remychauvin,Compound,*,*,remy/NNG/*+chauvin/NNG/*
resmed,,,,NNG,*,F,resmed,Compound,*,*,res/NNG/*+med/NNG/*
ripjaws,,,,NNG,*,F,ripjaws,Compound,*,*,rip/NNG/*+jaws/NNG/*
ripplelook,,,,NNG,*,F,ripplelook,Compound,*,*,ripple/NNG/*+look/NNG/*
rockbros,,,,NNG,*,F,rockbros,Compound,*,*,rock/NNG/*+bros/NNG/*
rockport,,,,NNG,*,F,rockport,Compound,*,*,rock/NNG/*+port/NNG/*
roocase,,,,NNG,*,F,roocase,Compound,*,*,roo/NNG/*+case/NNG/*
samsungsmarttv,,,,NNG,*,F,samsungsmarttv,Compound,*,*,samsung/NNG/*+smart/NNG/*+tv/NNG/*
sandisk,,,,NNG,*,F,sandisk,Compound,*,*,san/NNG/*+disk/NNG/*
sandiskcorporation,,,,NNG,*,F,sandiskcorporation,Compound,*,*,san/NNG/*+disk/NNG/*+corporation/NNG/*
sensetv,,,,NNG,*,F,sensetv,Compound,*,*,sense/NNG/*+tv/NNG/*
skateboard,,,,NNG,*,F,skateboard,Compound,*,*,skate/NNG/*+board/NNG/*
skylake,,,,NNG,*,F,skylake,Compound,*,*,sky/NNG/*+lake/NNG/*
sleekstyle,,,,NNG,*,F,sleekstyle,Compound,*,*,sleek/NNG/*+style/NNG/*
slightbook,,,,NNG,*,F,slightbook,Compound,*,*,slight/NNG/*+book/NNG/*
slimbook,,,,NNG,*,F,slimbook,Compound,*,*,slim/NNG/*+book/NNG/*
smallrig,,,,NNG,*,F,smallrig,Compound,*,*,small/NNG/*+rig/NNG/*
smartmedia,,,,NNG,*,F,smartmedia,Compound,*,*,smart/NNG/*+media/NNG/*
smartphone,,,,NNG,*,F,smartphone,Compound,*,*,smart/NNG/*+phone/NNG/*
smartphones,,,,NNG,*,F,smartphones,Compound,*,*,smart/NNG/*+phones/NNG/*
smarttv,,,,NNG,*,F,smarttv,Compound,*,*,smart/NNG/*+tv/NNG/*
snagit,,,,NNG,*,F,snagit,Compound,*,*,snag/NNG/*+it/NNG/*
sonytv,,,,NNG,*,F,sonytv,Compound,*,*,sony/NNG/*+tv/NNG/*
soundbar,,,,NNG,*,F,soundbar,Compound,*,*,sound/NNG/*+bar/NNG/*
soundcraft,,,,NNG,*,F,soundcraft,Compound,*,*,sound/NNG/*+craft/NNG/*
soundgraph,,,,NNG,*,F,soundgraph,Compound,*,*,sound/NNG/*+graph/NNG/*
soundsport,,,,NNG,*,F,soundsport,Compound,*,*,sound/NNG/*+sport/NNG/*
speedlite,,,,NNG,*,F,speedlite,Compound,*,*,speed/NNG/*+lite/NNG/*
speedmate,,,,NNG,*,F,speedmate,Compound,*,*,speed/NNG/*+mate/NNG/*
speedmax,,,,NNG,*,F,speedmax,Compound,*,*,speed/NNG/*+max/NNG/*
spraymop,,,,NNG,*,F,spraymop,Compound,*,*,spray/NNG/*+mop/NNG/*
starcam,,,,NNG,*,F,starcam,Compound,*,*,star/NNG/*+cam/NNG/*
startrac,,,,NNG,*,F,startrac,Compound,*,*,star/NNG/*+trac/NNG/*
stormblue,,,,NNG,*,F,stormblue,Compound,*,*,storm/NNG/*+blue/NNG/*
stormbook,,,,NNG,*,F,stormbook,Compound,*,*,storm/NNG/*+book/NNG/*
stormx,,,,NNG,*,F,stormx,Compound,*,*,storm/NNG/*+x/NNG/*
suitmaster,,,,NNG,*,F,suitmaster,Compound,*,*,suit/NNG/*+master/NNG/*
supersonic,,,,NNG,*,F,supersonic,Compound,*,*,super/NNG/*+sonic/NNG/*
sureview,,,,NNG,*,F,sureview,Compound,*,*,sure/NNG/*+view/NNG/*
swissflex,,,,NNG,*,F,swissflex,Compound,*,*,swiss/NNG/*+flex/NNG/*
switchback,,,,NNG,*,F,switchback,Compound,*,*,switch/NNG/*+back/NNG/*
teamgroup,,,,NNG,*,F,teamgroup,Compound,*,*,team/NNG/*+group/NNG/*
thecamper,,,,NNG,*,F,thecamper,Compound,*,*,the/NNG/*+camper/NNG/*
thepot,,,,NNG,*,F,thepot,Compound,*,*,the/NNG/*+pot/NNG/*
theraband,,,,NNG,*,F,theraband,Compound,*,*,thera/NNG/*+band/NNG/*
therabandexercise,,,,NNG,*,F,therabandexercise,Compound,*,*,thera/NNG/*+band/NNG/*+exercise/NNG/*
therabreath,,,,NNG,*,F,therabreath,Compound,*,*,thera/NNG/*+breath/NNG/*
thinkpad,,,,NNG,*,F,thinkpad,Compound,*,*,think/NNG/*+pad/NNG/*
thinoptics,,,,NNG,*,F,thinoptics,Compound,*,*,thin/NNG/*+optics/NNG/*
thunderbolt,,,,NNG,*,F,thunderbolt,Compound,*,*,thunder/NNG/*+bolt/NNG/*
timelinex,,,,NNG,*,F,timelinex,Compound,*,*,time/NNG/*+line/NNG/*+x/NNG/*
tinyear,,,,NNG,*,F,tinyear,Compound,*,*,tiny/NNG/*+ear/NNG/*
topsync,,,,NNG,*,F,topsync,Compound,*,*,top/NNG/*+sync/NNG/*
tourad,,,,NNG,*,F,tourad,Compound,*,*,tour/NNG/*+ad/NNG/*
tourpreferred,,,,NNG,*,F,tourpreferred,Compound,*,*,tour/NNG/*+preferred/NNG/*
toycamera,,,,NNG,*,F,toycamera,Compound,*,*,toy/NNG/*+camera/NNG/*
toydog,,,,NNG,*,F,toydog,Compound,*,*,toy/NNG/*+dog/NNG/*
tplink,,,,NNG,*,F,tplink,Compound,*,*,tp/NNG/*+link/NNG/*
trackr,,,,NNG,*,F,trackr,Compound,*,*,track/NNG/*+r/NNG/*
triggerpoint,,,,NNG,*,F,triggerpoint,Compound,*,*,trigger/NNG/*+point/NNG/*
tvpad,,,,NNG,*,F,tvpad,Compound,*,*,tv/NNG/*+pad/NNG/*
tvstar,,,,NNG,*,F,tvstar,Compound,*,*,tv/NNG/*+star/NNG/*
tvtable,,,,NNG,*,F,tvtable,Compound,*,*,tv/NNG/*+table/NNG/*
twinpack,,,,NNG,*,F,twinpack,Compound,*,*,twin/NNG/*+pack/NNG/*
uhdtv,,,,NNG,*,F,uhdtv,Compound,*,*,uhd/NNG/*+tv/NNG/*
ultracube,,,,NNG,*,F,ultracube,Compound,*,*,ultra/NNG/*+cube/NNG/*
ultrafine,,,,NNG,*,F,ultrafine,Compound,*,*,ultra/NNG/*+fine/NNG/*
ultrafire,,,,NNG,*,F,ultrafire,Compound,*,*,ultra/NNG/*+fire/NNG/*
ultrahd,,,,NNG,*,F,ultrahd,Compound,*,*,ultra/NNG/*+hd/NNG/*
umpc,,,,NNG,*,F,umpc,Compound,*,*,um/NNG/*+pc/NNG/*
unimax,,,,NNG,*,F,unimax,Compound,*,*,uni/NNG/*+max/NNG/*
urbeats,,,,NNG,*,F,urbeats,Compound,*,*,ur/NNG/*+beats/NNG/*
varidesk,,,,NNG,*,F,varidesk,Compound,*,*,vari/NNG/*+desk/NNG/*
viewone,,,,NNG,*,F,viewone,Compound,*,*,view/NNG/*+one/NNG/*
viewsonic,,,,NNG,*,F,viewsonic,Compound,*,*,view/NNG/*+sonic/NNG/*
virusdoctor,,,,NNG,*,F,virusdoctor,Compound,*,*,virus/NNG/*+doctor/NNG/*
vivobook,,,,NNG,*,F,vivobook,Compound,*,*,vivo/NNG/*+book/NNG/*
vivobookpro,,,,NNG,*,F,vivobookpro,Compound,*,*,vivo/NNG/*+book/NNG/*+pro/NNG/*
vkool,,,,NNG,*,F,vkool,Compound,*,*,v/NNG/*+kool/NNG/*
vmax,,,,NNG,*,F,vmax,Compound,*,*,v/NNG/*+max/NNG/*
vupoint,,,,NNG,*,F,vupoint,Compound,*,*,vu/NNG/*+point/NNG/*
waterpick,,,,NNG,*,F,waterpick,Compound,*,*,water/NNG/*+pick/NNG/*
waterpik,,,,NNG,*,F,waterpik,Compound,*,*,water/NNG/*+pik/NNG/*
webcam,,,,NNG,*,F,webcam,Compound,*,*,web/NNG/*+cam/NNG/*
whirlpool,,,,NNG,*,F,whirlpool,Compound,*,*,whirl/NNG/*+pool/NNG/*
winycam,,,,NNG,*,F,winycam,Compound,*,*,winy/NNG/*+cam/NNG/*
xcanvas,,,,NNG,*,F,xcanvas,Compound,*,*,x/NNG/*+canvas/NNG/*
xnote,,,,NNG,*,F,xnote,Compound,*,*,x/NNG/*+note/NNG/*
xperia,,,,NNG,*,F,xperia,Compound,*,*,x/NNG/*+peria/NNG/*
xpower,,,,NNG,*,F,xpower,Compound,*,*,x/NNG/*+power/NNG/*
xsplit,,,,NNG,*,F,xsplit,Compound,*,*,x/NNG/*+split/NNG/*
xstar,,,,NNG,*,F,xstar,Compound,*,*,x/NNG/*+star/NNG/*
xtend,,,,NNG,*,F,xtend,Compound,*,*,x/NNG/*+tend/NNG/*
xtreme,,,,NNG,*,F,xtreme,Compound,*,*,x/NNG/*+treme/NNG/*
xtrememac,,,,NNG,*,F,xtrememac,Compound,*,*,x/NNG/*+treme/NNG/*+mac/NNG/*
yeelight,,,,NNG,*,F,yeelight,Compound,*,*,yee/NNG/*+light/NNG/*
yled,,,,NNG,*,F,yled,Compound,*,*,y/NNG/*+led/NNG/*
zbook,,,,NNG,*,F,zbook,Compound,*,*,z/NNG/*+book/NNG/*
zcash,,,,NNG,*,F,zcash,Compound,*,*,z/NNG/*+cash/NNG/*
zenbook,,,,NNG,*,F,zenbook,Compound,*,*,zen/NNG/*+book/NNG/*
zenpad,,,,NNG,*,F,zenpad,Compound,*,*,zen/NNG/*+pad/NNG/*
zenscreen,,,,NNG,*,F,zenscreen,Compound,*,*,zen/NNG/*+screen/NNG/*
ziploc,,,,NNG,*,F,ziploc,Compound,*,*,zip/NNG/*+loc/NNG/*
