airdesk,1781,3534,1835,NNG,*,F,airdesk,Preanalysis,*,*,air/NNG/*+desk/NNG/*
airpod,1781,3534,1835,NNG,*,F,airpod,Preanalysis,*,*,air/NNG/*+pod/NNG/*
airpods,1781,3534,1835,NNG,*,F,airpods,Preanalysis,*,*,air/NNG/*+pods/NNG/*
airrex,1781,3534,1835,NNG,*,F,airrex,Preanalysis,*,*,air/NNG/*+rex/NNG/*
airwasher,1781,3534,1835,NNG,*,F,airwasher,Preanalysis,*,*,air/NNG/*+washer/NNG/*
akracing,1781,3534,1835,NNG,*,F,akracing,Preanalysis,*,*,ak/NNG/*+racing/NNG/*
alienware,1781,3534,1835,NNG,*,F,alienware,Preanalysis,*,*,alien/NNG/*+ware/NNG/*
aliexpress,1781,3534,1835,NNG,*,F,aliexpress,Preanalysis,*,*,ali/NNG/*+express/NNG/*
allinone,1781,3534,1835,NNG,*,F,allinone,Preanalysis,*,*,all/NNG/*+in/NNG/*+one/NNG/*
allterrainvehicle,1781,3534,1835,NNG,*,F,allterrainvehicle,Preanalysis,*,*,all/NNG/*+terrain/NNG/*+vehicle/NNG/*
alphascan,1781,3534,1835,NNG,*,F,alphascan,Preanalysis,*,*,alpha/NNG/*+scan/NNG/*
alphasink,1781,3534,1835,NNG,*,F,alphasink,Preanalysis,*,*,alpha/NNG/*+sink/NNG/*
alphatab,1781,3534,1835,NNG,*,F,alphatab,Preanalysis,*,*,alpha/NNG/*+tab/NNG/*
alvieromartini,1781,3534,1835,NNG,*,F,alvieromartini,Preanalysis,*,*,alviero/NNG/*+martini/NNG/*
ambubag,1781,3534,1835,NNG,*,F,ambubag,Preanalysis,*,*,ambu/NNG/*+bag/NNG/*
americantourist,1781,3534,1835,NNG,*,F,americantourist,Preanalysis,*,*,american/NNG/*+tourist/NNG/*
americantourister,1781,3534,1835,NNG,*,F,americantourister,Preanalysis,*,*,american/NNG/*+tourister/NNG/*
angelcare,1781,3534,1835,NNG,*,F,angelcare,Preanalysis,*,*,angel/NNG/*+care/NNG/*
animalpro,1781,3534,1835,NNG,*,F,animalpro,Preanalysis,*,*,animal/NNG/*+pro/NNG/*
ankleboots,1781,3534,1835,NNG,*,F,ankleboots,Preanalysis,*,*,ankle/NNG/*+boots/NNG/*
antifog,1781,3534,1835,NNG,*,F,antifog,Preanalysis,*,*,anti/NNG/*+fog/NNG/*
antiglare,1781,3534,1835,NNG,*,F,antiglare,Preanalysis,*,*,anti/NNG/*+glare/NNG/*
anypro,1781,3534,1835,NNG,*,F,anypro,Preanalysis,*,*,any/NNG/*+pro/NNG/*
anyshop,1781,3534,1835,NNG,*,F,anyshop,Preanalysis,*,*,any/NNG/*+shop/NNG/*
appletv,1781,3534,1835,NNG,*,F,appletv,Preanalysis,*,*,apple/NNG/*+tv/NNG/*
aptx,1781,3534,1835,NNG,*,F,aptx,Preanalysis,*,*,apt/NNG/*+x/NNG/*
aquabeat,1781,3534,1835,NNG,*,F,aquabeat,Preanalysis,*,*,aqua/NNG/*+beat/NNG/*
aquapro,1781,3534,1835,NNG,*,F,aquapro,Preanalysis,*,*,aqua/NNG/*+pro/NNG/*
aquapure,1781,3534,1835,NNG,*,F,aquapure,Preanalysis,*,*,aqua/NNG/*+pure/NNG/*
armband,1781,3534,1835,NNG,*,F,armband,Preanalysis,*,*,arm/NNG/*+band/NNG/*
armchair,1781,3534,1835,NNG,*,F,armchair,Preanalysis,*,*,arm/NNG/*+chair/NNG/*
armorall,1781,3534,1835,NNG,*,F,armorall,Preanalysis,*,*,armor/NNG/*+all/NNG/*
armwarmer,1781,3534,1835,NNG,*,F,armwarmer,Preanalysis,*,*,arm/NNG/*+warmer/NNG/*
arnaldobassini,1781,3534,1835,NNG,*,F,arnaldobassini,Preanalysis,*,*,arnaldo/NNG/*+bassini/NNG/*
arnoldpalmer,1781,3534,1835,NNG,*,F,arnoldpalmer,Preanalysis,*,*,arnold/NNG/*+palmer/NNG/*
aromatherapy,1781,3534,1835,NNG,*,F,aromatherapy,Preanalysis,*,*,aroma/NNG/*+therapy/NNG/*
asrock,1781,3534,1835,NNG,*,F,asrock,Preanalysis,*,*,as/NNG/*+rock/NNG/*
asuspro,1781,3534,1835,NNG,*,F,asuspro,Preanalysis,*,*,asus/NNG/*+pro/NNG/*
ativbook,1781,3534,1835,NNG,*,F,ativbook,Preanalysis,*,*,ativ/NNG/*+book/NNG/*
ativm,1781,3534,1835,NNG,*,F,ativm,Preanalysis,*,*,ativ/NNG/*+m/NNG/*
ativtab,1781,3534,1835,NNG,*,F,ativtab,Preanalysis,*,*,ativ/NNG/*+tab/NNG/*
atocare,1781,3534,1835,NNG,*,F,atocare,Preanalysis,*,*,ato/NNG/*+care/NNG/*
audemarspiguet,1781,3534,1835,NNG,*,F,audemarspiguet,Preanalysis,*,*,audemars/NNG/*+piguet/NNG/*
audiocomm,1781,3534,1835,NNG,*,F,audiocomm,Preanalysis,*,*,audio/NNG/*+comm/NNG/*
audiolink,1781,3534,1835,NNG,*,F,audiolink,Preanalysis,*,*,audio/NNG/*+link/NNG/*
audiosynergy,1781,3534,1835,NNG,*,F,audiosynergy,Preanalysis,*,*,audio/NNG/*+synergy/NNG/*
autocad,1781,3534,1835,NNG,*,F,autocad,Preanalysis,*,*,auto/NNG/*+cad/NNG/*
autofocus,1781,3534,1835,NNG,*,F,autofocus,Preanalysis,*,*,auto/NNG/*+focus/NNG/*
autoloader,1781,3534,1835,NNG,*,F,autoloader,Preanalysis,*,*,auto/NNG/*+loader/NNG/*
autoview,1781,3534,1835,NNG,*,F,autoview,Preanalysis,*,*,auto/NNG/*+view/NNG/*
avermedia,1781,3534,1835,NNG,*,F,avermedia,Preanalysis,*,*,aver/NNG/*+media/NNG/*
backbar,1781,3534,1835,NNG,*,F,backbar,Preanalysis,*,*,back/NNG/*+bar/NNG/*
backbeat,1781,3534,1835,NNG,*,F,backbeat,Preanalysis,*,*,back/NNG/*+beat/NNG/*
backbeatgo,1781,3534,1835,NNG,*,F,backbeatgo,Preanalysis,*,*,back/NNG/*+beat/NNG/*+go/NNG/*
backjoy,1781,3534,1835,NNG,*,F,backjoy,Preanalysis,*,*,back/NNG/*+joy/NNG/*
backpack,1781,3534,1835,NNG,*,F,backpack,Preanalysis,*,*,back/NNG/*+pack/NNG/*
backpacker,1781,3534,1835,NNG,*,F,backpacker,Preanalysis,*,*,back/NNG/*+pack/NNG/*+er/NNG/*
backpackers,1781,3534,1835,NNG,*,F,backpackers,Preanalysis,*,*,back/NNG/*+pack/NNG/*+ers/NNG/*
backpacking,1781,3534,1835,NNG,*,F,backpacking,Preanalysis,*,*,back/NNG/*+pack/NNG/*+ing/NNG/*
backpacks,1781,3534,1835,NNG,*,F,backpacks,Preanalysis,*,*,back/NNG/*+pack/NNG/*+s/NNG/*
backplate,1781,3534,1835,NNG,*,F,backplate,Preanalysis,*,*,back/NNG/*+plate/NNG/*
backup,1781,3534,1835,NNG,*,F,backup,Preanalysis,*,*,back/NNG/*+up/NNG/*
backupjeans,1781,3534,1835,NNG,*,F,backupjeans,Preanalysis,*,*,back/NNG/*+up/NNG/*+jeans/NNG/*
bagpack,1781,3534,1835,NNG,*,F,bagpack,Preanalysis,*,*,bag/NNG/*+pack/NNG/*
ballybag,1781,3534,1835,NNG,*,F,ballybag,Preanalysis,*,*,bally/NNG/*+bag/NNG/*
bamboobag,1781,3534,1835,NNG,*,F,bamboobag,Preanalysis,*,*,bamboo/NNG/*+bag/NNG/*
baobaobag,1781,3534,1835,NNG,*,F,baobaobag,Preanalysis,*,*,baobao/NNG/*+bag/NNG/*
barchair,1781,3534,1835,NNG,*,F,barchair,Preanalysis,*,*,bar/NNG/*+chair/NNG/*
barebone,1781,3534,1835,NNG,*,F,barebone,Preanalysis,*,*,bare/NNG/*+bone/NNG/*
barrelbag,1781,3534,1835,NNG,*,F,barrelbag,Preanalysis,*,*,barrel/NNG/*+bag/NNG/*
barstool,1781,3534,1835,NNG,*,F,barstool,Preanalysis,*,*,bar/NNG/*+stool/NNG/*
baseqi,1781,3534,1835,NNG,*,F,baseqi,Preanalysis,*,*,base/NNG/*+qi/NNG/*
baskinrobbins,1781,3534,1835,NNG,*,F,baskinrobbins,Preanalysis,*,*,baskin/NNG/*+robbins/NNG/*
basswalton,1781,3534,1835,NNG,*,F,basswalton,Preanalysis,*,*,bass/NNG/*+walton/NNG/*
battlebox,1781,3534,1835,NNG,*,F,battlebox,Preanalysis,*,*,battle/NNG/*+box/NNG/*
bbbalm,1781,3534,1835,NNG,*,F,bbbalm,Preanalysis,*,*,bb/NNG/*+balm/NNG/*
bbcream,1781,3534,1835,NNG,*,F,bbcream,Preanalysis,*,*,bb/NNG/*+cream/NNG/*
beaglebone,1781,3534,1835,NNG,*,F,beaglebone,Preanalysis,*,*,beagle/NNG/*+bone/NNG/*
beagleboneblack,1781,3534,1835,NNG,*,F,beagleboneblack,Preanalysis,*,*,beagle/NNG/*+bone/NNG/*+black/NNG/*
beatsx,1781,3534,1835,NNG,*,F,beatsx,Preanalysis,*,*,beats/NNG/*+x/NNG/*
bebesup,1781,3534,1835,NNG,*,F,bebesup,Preanalysis,*,*,bebe/NNG/*+sup/NNG/*
bellabag,1781,3534,1835,NNG,*,F,bellabag,Preanalysis,*,*,bella/NNG/*+bag/NNG/*
bellacuisine,1781,3534,1835,NNG,*,F,bellacuisine,Preanalysis,*,*,bella/NNG/*+cuisine/NNG/*
beltbag,1781,3534,1835,NNG,*,F,beltbag,Preanalysis,*,*,belt/NNG/*+bag/NNG/*
benettonkids,1781,3534,1835,NNG,*,F,benettonkids,Preanalysis,*,*,benetton/NNG/*+kids/NNG/*
beoplay,1781,3534,1835,NNG,*,F,beoplay,Preanalysis,*,*,beo/NNG/*+play/NNG/*
beovision,1781,3534,1835,NNG,*,F,beovision,Preanalysis,*,*,beo/NNG/*+vision/NNG/*
beyerdynamic,1781,3534,1835,NNG,*,F,beyerdynamic,Preanalysis,*,*,beyer/NNG/*+dynamic/NNG/*
bigfoot,1781,3534,1835,NNG,*,F,bigfoot,Preanalysis,*,*,big/NNG/*+foot/NNG/*
bigfoots,1781,3534,1835,NNG,*,F,bigfoots,Preanalysis,*,*,big/NNG/*+foot/NNG/*+s/NNG/*
biotank,1781,3534,1835,NNG,*,F,biotank,Preanalysis,*,*,bio/NNG/*+tank/NNG/*
birkenstock,1781,3534,1835,NNG,*,F,birkenstock,Preanalysis,*,*,birken/NNG/*+stock/NNG/*
birkinbag,1781,3534,1835,NNG,*,F,birkinbag,Preanalysis,*,*,birkin/NNG/*+bag/NNG/*
blackanddecker,1781,3534,1835,NNG,*,F,blackanddecker,Preanalysis,*,*,black/NNG/*+and/NNG/*+decker/NNG/*
blackbox,1781,3534,1835,NNG,*,F,blackbox,Preanalysis,*,*,black/NNG/*+box/NNG/*
blackjean,1781,3534,1835,NNG,*,F,blackjean,Preanalysis,*,*,black/NNG/*+jean/NNG/*
blackwidow,1781,3534,1835,NNG,*,F,blackwidow,Preanalysis,*,*,black/NNG/*+widow/NNG/*
blackyak,1781,3534,1835,NNG,*,F,blackyak,Preanalysis,*,*,black/NNG/*+yak/NNG/*
blackyakkids,1781,3534,1835,NNG,*,F,blackyakkids,Preanalysis,*,*,black/NNG/*+yak/NNG/*+kids/NNG/*
blitzwolf,1781,3534,1835,NNG,*,F,blitzwolf,Preanalysis,*,*,blitz/NNG/*+wolf/NNG/*
blueair,1781,3534,1835,NNG,*,F,blueair,Preanalysis,*,*,blue/NNG/*+air/NNG/*
bluedogbaby,1781,3534,1835,NNG,*,F,bluedogbaby,Preanalysis,*,*,blue/NNG/*+dog/NNG/*+baby/NNG/*
bluedot,1781,3534,1835,NNG,*,F,bluedot,Preanalysis,*,*,blue/NNG/*+dot/NNG/*
blueled,1781,3534,1835,NNG,*,F,blueled,Preanalysis,*,*,blue/NNG/*+led/NNG/*
bluelight,1781,3534,1835,NNG,*,F,bluelight,Preanalysis,*,*,blue/NNG/*+light/NNG/*
blueray,1781,3534,1835,NNG,*,F,blueray,Preanalysis,*,*,blue/NNG/*+ray/NNG/*
bluetooth,1781,3534,1835,NNG,*,F,bluetooth,Preanalysis,*,*,blue/NNG/*+tooth/NNG/*
bmwmini,1781,3534,1835,NNG,*,F,bmwmini,Preanalysis,*,*,bmw/NNG/*+mini/NNG/*
boardgame,1781,3534,1835,NNG,*,F,boardgame,Preanalysis,*,*,board/NNG/*+game/NNG/*
bobbibrown,1781,3534,1835,NNG,*,F,bobbibrown,Preanalysis,*,*,bobbi/NNG/*+brown/NNG/*
bodycare,1781,3534,1835,NNG,*,F,bodycare,Preanalysis,*,*,body/NNG/*+care/NNG/*
bodylotion,1781,3534,1835,NNG,*,F,bodylotion,Preanalysis,*,*,body/NNG/*+lotion/NNG/*
bodysuit,1781,3534,1835,NNG,*,F,bodysuit,Preanalysis,*,*,body/NNG/*+suit/NNG/*
bodywash,1781,3534,1835,NNG,*,F,bodywash,Preanalysis,*,*,body/NNG/*+wash/NNG/*
boggimilano,1781,3534,1835,NNG,*,F,boggimilano,Preanalysis,*,*,boggi/NNG/*+milano/NNG/*
bonechina,1781,3534,1835,NNG,*,F,bonechina,Preanalysis,*,*,bone/NNG/*+china/NNG/*
bonniealex,1781,3534,1835,NNG,*,F,bonniealex,Preanalysis,*,*,bonnie/NNG/*+alex/NNG/*
bonoboss,1781,3534,1835,NNG,*,F,bonoboss,Preanalysis,*,*,bono/NNG/*+boss/NNG/*
boogieboard,1781,3534,1835,NNG,*,F,boogieboard,Preanalysis,*,*,boogie/NNG/*+board/NNG/*
bookbag,1781,3534,1835,NNG,*,F,bookbag,Preanalysis,*,*,book/NNG/*+bag/NNG/*
bookcase,1781,3534,1835,NNG,*,F,bookcase,Preanalysis,*,*,book/NNG/*+case/NNG/*
booklight,1781,3534,1835,NNG,*,F,booklight,Preanalysis,*,*,book/NNG/*+light/NNG/*
bookstand,1781,3534,1835,NNG,*,F,bookstand,Preanalysis,*,*,book/NNG/*+stand/NNG/*
booniehat,1781,3534,1835,NNG,*,F,booniehat,Preanalysis,*,*,boonie/NNG/*+hat/NNG/*
bossmonster,1781,3534,1835,NNG,*,F,bossmonster,Preanalysis,*,*,boss/NNG/*+monster/NNG/*
bosswiz,1781,3534,1835,NNG,*,F,bosswiz,Preanalysis,*,*,boss/NNG/*+wiz/NNG/*
bostonbag,1781,3534,1835,NNG,*,F,bostonbag,Preanalysis,*,*,boston/NNG/*+bag/NNG/*
bottegaveneta,1781,3534,1835,NNG,*,F,bottegaveneta,Preanalysis,*,*,bottega/NNG/*+veneta/NNG/*
boxtap,1781,3534,1835,NNG,*,F,boxtap,Preanalysis,*,*,box/NNG/*+tap/NNG/*
brightview,1781,3534,1835,NNG,*,F,brightview,Preanalysis,*,*,bright/NNG/*+view/NNG/*
brionvega,1781,3534,1835,NNG,*,F,brionvega,Preanalysis,*,*,brion/NNG/*+vega/NNG/*
broadlink,1781,3534,1835,NNG,*,F,broadlink,Preanalysis,*,*,broad/NNG/*+link/NNG/*
brunellocucinelli,1781,3534,1835,NNG,*,F,brunellocucinelli,Preanalysis,*,*,brunello/NNG/*+cucinelli/NNG/*
bubblebum,1781,3534,1835,NNG,*,F,bubblebum,Preanalysis,*,*,bubble/NNG/*+bum/NNG/*
buckethat,1781,3534,1835,NNG,*,F,buckethat,Preanalysis,*,*,bucket/NNG/*+hat/NNG/*
bucklebag,1781,3534,1835,NNG,*,F,bucklebag,Preanalysis,*,*,buckle/NNG/*+bag/NNG/*
bugaboobee,1781,3534,1835,NNG,*,F,bugaboobee,Preanalysis,*,*,bugaboo/NNG/*+bee/NNG/*
burtsbee,1781,3534,1835,NNG,*,F,burtsbee,Preanalysis,*,*,burts/NNG/*+bee/NNG/*
burtsbees,1781,3534,1835,NNG,*,F,burtsbees,Preanalysis,*,*,burts/NNG/*+bees/NNG/*
businessbag,1781,3534,1835,NNG,*,F,businessbag,Preanalysis,*,*,business/NNG/*+bag/NNG/*
cacaonibs,1781,3534,1835,NNG,*,F,cacaonibs,Preanalysis,*,*,cacao/NNG/*+nibs/NNG/*
camerabag,1781,3534,1835,NNG,*,F,camerabag,Preanalysis,*,*,camera/NNG/*+bag/NNG/*
canadagoose,1781,3534,1835,NNG,*,F,canadagoose,Preanalysis,*,*,canada/NNG/*+goose/NNG/*
canadagoosekids,1781,3534,1835,NNG,*,F,canadagoosekids,Preanalysis,*,*,canada/NNG/*+goose/NNG/*+kids/NNG/*
candleholder,1781,3534,1835,NNG,*,F,candleholder,Preanalysis,*,*,candle/NNG/*+holder/NNG/*
carcharger,1781,3534,1835,NNG,*,F,carcharger,Preanalysis,*,*,car/NNG/*+charger/NNG/*
caresens,1781,3534,1835,NNG,*,F,caresens,Preanalysis,*,*,care/NNG/*+sens/NNG/*
casabugatti,1781,3534,1835,NNG,*,F,casabugatti,Preanalysis,*,*,casa/NNG/*+bugatti/NNG/*
cashmerecoat,1781,3534,1835,NNG,*,F,cashmerecoat,Preanalysis,*,*,cashmere/NNG/*+coat/NNG/*
castpro,1781,3534,1835,NNG,*,F,castpro,Preanalysis,*,*,cast/NNG/*+pro/NNG/*
caterinalucchi,1781,3534,1835,NNG,*,F,caterinalucchi,Preanalysis,*,*,caterina/NNG/*+lucchi/NNG/*
cathkidston,1781,3534,1835,NNG,*,F,cathkidston,Preanalysis,*,*,cath/NNG/*+kidston/NNG/*
cdplayer,1781,3534,1835,NNG,*,F,cdplayer,Preanalysis,*,*,cd/NNG/*+player/NNG/*
cdrom,1781,3534,1835,NNG,*,F,cdrom,Preanalysis,*,*,cd/NNG/*+rom/NNG/*
cdwriter,1781,3534,1835,NNG,*,F,cdwriter,Preanalysis,*,*,cd/NNG/*+writer/NNG/*
ceilingfan,1781,3534,1835,NNG,*,F,ceilingfan,Preanalysis,*,*,ceiling/NNG/*+fan/NNG/*
cesarepaciotti,1781,3534,1835,NNG,*,F,cesarepaciotti,Preanalysis,*,*,cesare/NNG/*+paciotti/NNG/*
chainbag,1781,3534,1835,NNG,*,F,chainbag,Preanalysis,*,*,chain/NNG/*+bag/NNG/*
chalkbag,1781,3534,1835,NNG,*,F,chalkbag,Preanalysis,*,*,chalk/NNG/*+bag/NNG/*
chanelbag,1781,3534,1835,NNG,*,F,chanelbag,Preanalysis,*,*,chanel/NNG/*+bag/NNG/*
charleskeith,1781,3534,1835,NNG,*,F,charleskeith,Preanalysis,*,*,charles/NNG/*+keith/NNG/*
chiaseed,1781,3534,1835,NNG,*,F,chiaseed,Preanalysis,*,*,chia/NNG/*+seed/NNG/*
chiaseeds,1781,3534,1835,NNG,*,F,chiaseeds,Preanalysis,*,*,chia/NNG/*+seeds/NNG/*
chrischristy,1781,3534,1835,NNG,*,F,chrischristy,Preanalysis,*,*,chris/NNG/*+christy/NNG/*
christiandior,1781,3534,1835,NNG,*,F,christiandior,Preanalysis,*,*,christian/NNG/*+dior/NNG/*
ckone,1781,3534,1835,NNG,*,F,ckone,Preanalysis,*,*,ck/NNG/*+one/NNG/*
cleanpop,1781,3534,1835,NNG,*,F,cleanpop,Preanalysis,*,*,clean/NNG/*+pop/NNG/*
cleansingoil,1781,3534,1835,NNG,*,F,cleansingoil,Preanalysis,*,*,cleansing/NNG/*+oil/NNG/*
clickpack,1781,3534,1835,NNG,*,F,clickpack,Preanalysis,*,*,click/NNG/*+pack/NNG/*
clutchbag,1781,3534,1835,NNG,*,F,clutchbag,Preanalysis,*,*,clutch/NNG/*+bag/NNG/*
coachbag,1781,3534,1835,NNG,*,F,coachbag,Preanalysis,*,*,coach/NNG/*+bag/NNG/*
coolshot,1781,3534,1835,NNG,*,F,coolshot,Preanalysis,*,*,cool/NNG/*+shot/NNG/*
corduroypant,1781,3534,1835,NNG,*,F,corduroypant,Preanalysis,*,*,corduroy/NNG/*+pant/NNG/*
corduroypants,1781,3534,1835,NNG,*,F,corduroypants,Preanalysis,*,*,corduroy/NNG/*+pants/NNG/*
cordzero,1781,3534,1835,NNG,*,F,cordzero,Preanalysis,*,*,cord/NNG/*+zero/NNG/*
costanova,1781,3534,1835,NNG,*,F,costanova,Preanalysis,*,*,costa/NNG/*+nova/NNG/*
crossbag,1781,3534,1835,NNG,*,F,crossbag,Preanalysis,*,*,cross/NNG/*+bag/NNG/*
crossfirex,1781,3534,1835,NNG,*,F,crossfirex,Preanalysis,*,*,cross/NNG/*+fire/NNG/*+x/NNG/*
crossfit,1781,3534,1835,NNG,*,F,crossfit,Preanalysis,*,*,cross/NNG/*+fit/NNG/*
crystalshield,1781,3534,1835,NNG,*,F,crystalshield,Preanalysis,*,*,crystal/NNG/*+shield/NNG/*
damplock,1781,3534,1835,NNG,*,F,damplock,Preanalysis,*,*,damp/NNG/*+lock/NNG/*
deckhassium,1781,3534,1835,NNG,*,F,deckhassium,Preanalysis,*,*,deck/NNG/*+hassium/NNG/*
deckhassiumpro,1781,3534,1835,NNG,*,F,deckhassiumpro,Preanalysis,*,*,deck/NNG/*+hassium/NNG/*+pro/NNG/*
deepcool,1781,3534,1835,NNG,*,F,deepcool,Preanalysis,*,*,deep/NNG/*+cool/NNG/*
digitalcamera,1781,3534,1835,NNG,*,F,digitalcamera,Preanalysis,*,*,digital/NNG/*+camera/NNG/*
displayport,1781,3534,1835,NNG,*,F,displayport,Preanalysis,*,*,display/NNG/*+port/NNG/*
diykit,1781,3534,1835,NNG,*,F,diykit,Preanalysis,*,*,diy/NNG/*+kit/NNG/*
djmax,1781,3534,1835,NNG,*,F,djmax,Preanalysis,*,*,dj/NNG/*+max/NNG/*
dolcegusto,1781,3534,1835,NNG,*,F,dolcegusto,Preanalysis,*,*,dolce/NNG/*+gusto/NNG/*
dsptv,1781,3534,1835,NNG,*,F,dsptv,Preanalysis,*,*,dsp/NNG/*+tv/NNG/*
dsub,1781,3534,1835,NNG,*,F,dsub,Preanalysis,*,*,d/NNG/*+sub/NNG/*
dualeye,1781,3534,1835,NNG,*,F,dualeye,Preanalysis,*,*,dual/NNG/*+eye/NNG/*
duckbag,1781,3534,1835,NNG,*,F,duckbag,Preanalysis,*,*,duck/NNG/*+bag/NNG/*
duckboots,1781,3534,1835,NNG,*,F,duckboots,Preanalysis,*,*,duck/NNG/*+boots/NNG/*
duckdown,1781,3534,1835,NNG,*,F,duckdown,Preanalysis,*,*,duck/NNG/*+down/NNG/*
duoderm,1781,3534,1835,NNG,*,F,duoderm,Preanalysis,*,*,duo/NNG/*+derm/NNG/*
duraace,1781,3534,1835,NNG,*,F,duraace,Preanalysis,*,*,dura/NNG/*+ace/NNG/*
dustbag,1781,3534,1835,NNG,*,F,dustbag,Preanalysis,*,*,dust/NNG/*+bag/NNG/*
duvetbar,1781,3534,1835,NNG,*,F,duvetbar,Preanalysis,*,*,duvet/NNG/*+bar/NNG/*
dvdplayer,1781,3534,1835,NNG,*,F,dvdplayer,Preanalysis,*,*,dvd/NNG/*+player/NNG/*
dvdram,1781,3534,1835,NNG,*,F,dvdram,Preanalysis,*,*,dvd/NNG/*+ram/NNG/*
dvdrom,1781,3534,1835,NNG,*,F,dvdrom,Preanalysis,*,*,dvd/NNG/*+rom/NNG/*
dvdrw,1781,3534,1835,NNG,*,F,dvdrw,Preanalysis,*,*,dvd/NNG/*+rw/NNG/*
dvdtitle,1781,3534,1835,NNG,*,F,dvdtitle,Preanalysis,*,*,dvd/NNG/*+title/NNG/*
dxracer,1781,3534,1835,NNG,*,F,dxracer,Preanalysis,*,*,dx/NNG/*+racer/NNG/*
dzeroking,1781,3534,1835,NNG,*,F,dzeroking,Preanalysis,*,*,d/NNG/*+zero/NNG/*+king/NNG/*
earbuds,1781,3534,1835,NNG,*,F,earbuds,Preanalysis,*,*,ear/NNG/*+buds/NNG/*
earplugs,1781,3534,1835,NNG,*,F,earplugs,Preanalysis,*,*,ear/NNG/*+plugs/NNG/*
earpods,1781,3534,1835,NNG,*,F,earpods,Preanalysis,*,*,ear/NNG/*+pods/NNG/*
eastpack,1781,3534,1835,NNG,*,F,eastpack,Preanalysis,*,*,east/NNG/*+pack/NNG/*
easyblue,1781,3534,1835,NNG,*,F,easyblue,Preanalysis,*,*,easy/NNG/*+blue/NNG/*
easycam,1781,3534,1835,NNG,*,F,easycam,Preanalysis,*,*,easy/NNG/*+cam/NNG/*
easycamp,1781,3534,1835,NNG,*,F,easycamp,Preanalysis,*,*,easy/NNG/*+cam/NNG/*+p/NNG/*
easyn,1781,3534,1835,NNG,*,F,easyn,Preanalysis,*,*,easy/NNG/*+n/NNG/*
easystore,1781,3534,1835,NNG,*,F,easystore,Preanalysis,*,*,easy/NNG/*+store/NNG/*
ecobag,1781,3534,1835,NNG,*,F,ecobag,Preanalysis,*,*,eco/NNG/*+bag/NNG/*
elandjunior,1781,3534,1835,NNG,*,F,elandjunior,Preanalysis,*,*,eland/NNG/*+junior/NNG/*
elephantears,1781,3534,1835,NNG,*,F,elephantears,Preanalysis,*,*,elephant/NNG/*+ears/NNG/*
elitebook,1781,3534,1835,NNG,*,F,elitebook,Preanalysis,*,*,elite/NNG/*+book/NNG/*
elitedesk,1781,3534,1835,NNG,*,F,elitedesk,Preanalysis,*,*,elite/NNG/*+desk/NNG/*
elkabong,1781,3534,1835,NNG,*,F,elkabong,Preanalysis,*,*,el/NNG/*+kabong/NNG/*
energypad,1781,3534,1835,NNG,*,F,energypad,Preanalysis,*,*,energy/NNG/*+pad/NNG/*
engineoil,1781,3534,1835,NNG,*,F,engineoil,Preanalysis,*,*,engine/NNG/*+oil/NNG/*
englishtime,1781,3534,1835,NNG,*,F,englishtime,Preanalysis,*,*,english/NNG/*+time/NNG/*
ergorapido,1781,3534,1835,NNG,*,F,ergorapido,Preanalysis,*,*,ergo/NNG/*+rapido/NNG/*
ergostand,1781,3534,1835,NNG,*,F,ergostand,Preanalysis,*,*,ergo/NNG/*+stand/NNG/*
etmini,1781,3534,1835,NNG,*,F,etmini,Preanalysis,*,*,et/NNG/*+mini/NNG/*
etudehouse,1781,3534,1835,NNG,*,F,etudehouse,Preanalysis,*,*,etude/NNG/*+house/NNG/*
evnroll,1781,3534,1835,NNG,*,F,evnroll,Preanalysis,*,*,evn/NNG/*+roll/NNG/*
exmair,1781,3534,1835,NNG,*,F,exmair,Preanalysis,*,*,ex/NNG/*+m/NNG/*+air/NNG/*
eyebalm,1781,3534,1835,NNG,*,F,eyebalm,Preanalysis,*,*,eye/NNG/*+balm/NNG/*
eyebrow,1781,3534,1835,NNG,*,F,eyebrow,Preanalysis,*,*,eye/NNG/*+brow/NNG/*
eyecream,1781,3534,1835,NNG,*,F,eyecream,Preanalysis,*,*,eye/NNG/*+cream/NNG/*
eyefi,1781,3534,1835,NNG,*,F,eyefi,Preanalysis,*,*,eye/NNG/*+fi/NNG/*
eyefix,1781,3534,1835,NNG,*,F,eyefix,Preanalysis,*,*,eye/NNG/*+fi/NNG/*+x/NNG/*
eyeshadow,1781,3534,1835,NNG,*,F,eyeshadow,Preanalysis,*,*,eye/NNG/*+shadow/NNG/*
eyestick,1781,3534,1835,NNG,*,F,eyestick,Preanalysis,*,*,eye/NNG/*+stick/NNG/*
eyewear,1781,3534,1835,NNG,*,F,eyewear,Preanalysis,*,*,eye/NNG/*+wear/NNG/*
ezcast,1781,3534,1835,NNG,*,F,ezcast,Preanalysis,*,*,ez/NNG/*+cast/NNG/*
fakesocks,1781,3534,1835,NNG,*,F,fakesocks,Preanalysis,*,*,fake/NNG/*+socks/NNG/*
fastcamp,1781,3534,1835,NNG,*,F,fastcamp,Preanalysis,*,*,fast/NNG/*+camp/NNG/*
fatdown,1781,3534,1835,NNG,*,F,fatdown,Preanalysis,*,*,fat/NNG/*+down/NNG/*
fendibag,1781,3534,1835,NNG,*,F,fendibag,Preanalysis,*,*,fendi/NNG/*+bag/NNG/*
ferragamobag,1781,3534,1835,NNG,*,F,ferragamobag,Preanalysis,*,*,ferragamo/NNG/*+bag/NNG/*
filagolf,1781,3534,1835,NNG,*,F,filagolf,Preanalysis,*,*,fila/NNG/*+golf/NNG/*
filakids,1781,3534,1835,NNG,*,F,filakids,Preanalysis,*,*,fila/NNG/*+kids/NNG/*
firefly,1781,3534,1835,NNG,*,F,firefly,Preanalysis,*,*,fire/NNG/*+fly/NNG/*
fitbit,1781,3534,1835,NNG,*,F,fitbit,Preanalysis,*,*,fit/NNG/*+bit/NNG/*
fitflop,1781,3534,1835,NNG,*,F,fitflop,Preanalysis,*,*,fit/NNG/*+flop/NNG/*
flapbag,1781,3534,1835,NNG,*,F,flapbag,Preanalysis,*,*,flap/NNG/*+bag/NNG/*
flashair,1781,3534,1835,NNG,*,F,flashair,Preanalysis,*,*,flash/NNG/*+air/NNG/*
flashstand,1781,3534,1835,NNG,*,F,flashstand,Preanalysis,*,*,flash/NNG/*+stand/NNG/*
flatsandal,1781,3534,1835,NNG,*,F,flatsandal,Preanalysis,*,*,flat/NNG/*+sandal/NNG/*
flatshoe,1781,3534,1835,NNG,*,F,flatshoe,Preanalysis,*,*,flat/NNG/*+shoe/NNG/*
flatshoes,1781,3534,1835,NNG,*,F,flatshoes,Preanalysis,*,*,flat/NNG/*+shoes/NNG/*
flipflop,1781,3534,1835,NNG,*,F,flipflop,Preanalysis,*,*,flip/NNG/*+flop/NNG/*
floppyhat,1781,3534,1835,NNG,*,F,floppyhat,Preanalysis,*,*,floppy/NNG/*+hat/NNG/*
flyfit,1781,3534,1835,NNG,*,F,flyfit,Preanalysis,*,*,fly/NNG/*+fit/NNG/*
foamroller,1781,3534,1835,NNG,*,F,foamroller,Preanalysis,*,*,foam/NNG/*+roller/NNG/*
foldingbag,1781,3534,1835,NNG,*,F,foldingbag,Preanalysis,*,*,folding/NNG/*+bag/NNG/*
foldingtable,1781,3534,1835,NNG,*,F,foldingtable,Preanalysis,*,*,folding/NNG/*+table/NNG/*
forcerecon,1781,3534,1835,NNG,*,F,forcerecon,Preanalysis,*,*,force/NNG/*+recon/NNG/*
frenchcat,1781,3534,1835,NNG,*,F,frenchcat,Preanalysis,*,*,french/NNG/*+cat/NNG/*
fujicamera,1781,3534,1835,NNG,*,F,fujicamera,Preanalysis,*,*,fuji/NNG/*+camera/NNG/*
fujifilm,1781,3534,1835,NNG,*,F,fujifilm,Preanalysis,*,*,fuji/NNG/*+film/NNG/*
fullhd,1781,3534,1835,NNG,*,F,fullhd,Preanalysis,*,*,full/NNG/*+hd/NNG/*
fullhdledtv,1781,3534,1835,NNG,*,F,fullhdledtv,Preanalysis,*,*,full/NNG/*+hd/NNG/*+led/NNG/*+tv/NNG/*
fullhdtv,1781,3534,1835,NNG,*,F,fullhdtv,Preanalysis,*,*,full/NNG/*+hd/NNG/*+tv/NNG/*
furboots,1781,3534,1835,NNG,*,F,furboots,Preanalysis,*,*,fur/NNG/*+boots/NNG/*
furcharm,1781,3534,1835,NNG,*,F,furcharm,Preanalysis,*,*,fur/NNG/*+charm/NNG/*
furcoat,1781,3534,1835,NNG,*,F,furcoat,Preanalysis,*,*,fur/NNG/*+coat/NNG/*
furjacket,1781,3534,1835,NNG,*,F,furjacket,Preanalysis,*,*,fur/NNG/*+jacket/NNG/*
furjumper,1781,3534,1835,NNG,*,F,furjumper,Preanalysis,*,*,fur/NNG/*+jumper/NNG/*
furlabag,1781,3534,1835,NNG,*,F,furlabag,Preanalysis,*,*,furla/NNG/*+bag/NNG/*
furmuffler,1781,3534,1835,NNG,*,F,furmuffler,Preanalysis,*,*,fur/NNG/*+muffler/NNG/*
furvest,1781,3534,1835,NNG,*,F,furvest,Preanalysis,*,*,fur/NNG/*+vest/NNG/*
galaxyalpha,1781,3534,1835,NNG,*,F,galaxyalpha,Preanalysis,*,*,galaxy/NNG/*+alpha/NNG/*
galaxybeam,1781,3534,1835,NNG,*,F,galaxybeam,Preanalysis,*,*,galaxy/NNG/*+beam/NNG/*
galaxybook,1781,3534,1835,NNG,*,F,galaxybook,Preanalysis,*,*,galaxy/NNG/*+book/NNG/*
galaxyedge,1781,3534,1835,NNG,*,F,galaxyedge,Preanalysis,*,*,galaxy/NNG/*+edge/NNG/*
galaxyfe,1781,3534,1835,NNG,*,F,galaxyfe,Preanalysis,*,*,galaxy/NNG/*+fe/NNG/*
galaxygear,1781,3534,1835,NNG,*,F,galaxygear,Preanalysis,*,*,galaxy/NNG/*+gear/NNG/*
galaxygolden,1781,3534,1835,NNG,*,F,galaxygolden,Preanalysis,*,*,galaxy/NNG/*+golden/NNG/*
galaxygrand,1781,3534,1835,NNG,*,F,galaxygrand,Preanalysis,*,*,galaxy/NNG/*+grand/NNG/*
galaxygrandmax,1781,3534,1835,NNG,*,F,galaxygrandmax,Preanalysis,*,*,galaxy/NNG/*+grand/NNG/*+max/NNG/*
galaxym,1781,3534,1835,NNG,*,F,galaxym,Preanalysis,*,*,galaxy/NNG/*+m/NNG/*
galaxymega,1781,3534,1835,NNG,*,F,galaxymega,Preanalysis,*,*,galaxy/NNG/*+mega/NNG/*
galaxynote,1781,3534,1835,NNG,*,F,galaxynote,Preanalysis,*,*,galaxy/NNG/*+note/NNG/*
galaxynotepro,1781,3534,1835,NNG,*,F,galaxynotepro,Preanalysis,*,*,galaxy/NNG/*+note/NNG/*+pro/NNG/*
galaxyon,1781,3534,1835,NNG,*,F,galaxyon,Preanalysis,*,*,galaxy/NNG/*+on/NNG/*
galaxys,1781,3534,1835,NNG,*,F,galaxys,Preanalysis,*,*,galaxy/NNG/*+s/NNG/*
galaxytab,1781,3534,1835,NNG,*,F,galaxytab,Preanalysis,*,*,galaxy/NNG/*+tab/NNG/*
galaxytap,1781,3534,1835,NNG,*,F,galaxytap,Preanalysis,*,*,galaxy/NNG/*+tap/NNG/*
galaxyview,1781,3534,1835,NNG,*,F,galaxyview,Preanalysis,*,*,galaxy/NNG/*+view/NNG/*
galaxywatch,1781,3534,1835,NNG,*,F,galaxywatch,Preanalysis,*,*,galaxy/NNG/*+watch/NNG/*
galaxywide,1781,3534,1835,NNG,*,F,galaxywide,Preanalysis,*,*,galaxy/NNG/*+wide/NNG/*
gamepad,1781,3534,1835,NNG,*,F,gamepad,Preanalysis,*,*,game/NNG/*+pad/NNG/*
gapkids,1781,3534,1835,NNG,*,F,gapkids,Preanalysis,*,*,gap/NNG/*+kids/NNG/*
getmoving,1781,3534,1835,NNG,*,F,getmoving,Preanalysis,*,*,get/NNG/*+moving/NNG/*
gigabyte,1781,3534,1835,NNG,*,F,gigabyte,Preanalysis,*,*,giga/NNG/*+byte/NNG/*
gingerbon,1781,3534,1835,NNG,*,F,gingerbon,Preanalysis,*,*,ginger/NNG/*+bon/NNG/*
gmax,1781,3534,1835,NNG,*,F,gmax,Preanalysis,*,*,g/NNG/*+max/NNG/*
gogrip,1781,3534,1835,NNG,*,F,gogrip,Preanalysis,*,*,go/NNG/*+grip/NNG/*
gopro,1781,3534,1835,NNG,*,F,gopro,Preanalysis,*,*,go/NNG/*+pro/NNG/*
gotway,1781,3534,1835,NNG,*,F,gotway,Preanalysis,*,*,got/NNG/*+way/NNG/*
gowalk,1781,3534,1835,NNG,*,F,gowalk,Preanalysis,*,*,go/NNG/*+walk/NNG/*
gpack,1781,3534,1835,NNG,*,F,gpack,Preanalysis,*,*,g/NNG/*+pack/NNG/*
gpad,1781,3534,1835,NNG,*,F,gpad,Preanalysis,*,*,g/NNG/*+pad/NNG/*
gpass,1781,3534,1835,NNG,*,F,gpass,Preanalysis,*,*,g/NNG/*+pass/NNG/*
gpro,1781,3534,1835,NNG,*,F,gpro,Preanalysis,*,*,g/NNG/*+pro/NNG/*
gshock,1781,3534,1835,NNG,*,F,gshock,Preanalysis,*,*,g/NNG/*+shock/NNG/*
handheld,1781,3534,1835,NNG,*,F,handheld,Preanalysis,*,*,hand/NNG/*+held/NNG/*
happycall,1781,3534,1835,NNG,*,F,happycall,Preanalysis,*,*,happy/NNG/*+call/NNG/*
hdledtv,1781,3534,1835,NNG,*,F,hdledtv,Preanalysis,*,*,hd/NNG/*+led/NNG/*+tv/NNG/*
hdlte,1781,3534,1835,NNG,*,F,hdlte,Preanalysis,*,*,hd/NNG/*+lte/NNG/*
hdmitodvi,1781,3534,1835,NNG,*,F,hdmitodvi,Preanalysis,*,*,hdmi/NNG/*+to/NNG/*+dvi/NNG/*
hdtv,1781,3534,1835,NNG,*,F,hdtv,Preanalysis,*,*,hd/NNG/*+tv/NNG/*
headphone,1781,3534,1835,NNG,*,F,headphone,Preanalysis,*,*,head/NNG/*+phone/NNG/*
heatsink,1781,3534,1835,NNG,*,F,heatsink,Preanalysis,*,*,heat/NNG/*+sink/NNG/*
hexbug,1781,3534,1835,NNG,*,F,hexbug,Preanalysis,*,*,hex/NNG/*+bug/NNG/*
hibox,1781,3534,1835,NNG,*,F,hibox,Preanalysis,*,*,hi/NNG/*+box/NNG/*
highspeed,1781,3534,1835,NNG,*,F,highspeed,Preanalysis,*,*,high/NNG/*+speed/NNG/*
hikvision,1781,3534,1835,NNG,*,F,hikvision,Preanalysis,*,*,hik/NNG/*+vision/NNG/*
hotpoint,1781,3534,1835,NNG,*,F,hotpoint,Preanalysis,*,*,hot/NNG/*+point/NNG/*
hyperdrive,1781,3534,1835,NNG,*,F,hyperdrive,Preanalysis,*,*,hyper/NNG/*+drive/NNG/*
ibmthinkpad,1781,3534,1835,NNG,*,F,ibmthinkpad,Preanalysis,*,*,ibm/NNG/*+think/NNG/*+pad/NNG/*
icablelink,1781,3534,1835,NNG,*,F,icablelink,Preanalysis,*,*,i/NNG/*+cable/NNG/*+link/NNG/*
icchome,1781,3534,1835,NNG,*,F,icchome,Preanalysis,*,*,icc/NNG/*+home/NNG/*
ideapad,1781,3534,1835,NNG,*,F,ideapad,Preanalysis,*,*,idea/NNG/*+pad/NNG/*
ideawalk,1781,3534,1835,NNG,*,F,ideawalk,Preanalysis,*,*,idea/NNG/*+walk/NNG/*
ikmx,1781,3534,1835,NNG,*,F,ikmx,Preanalysis,*,*,ik/NNG/*+mx/NNG/*
imotiv,1781,3534,1835,NNG,*,F,imotiv,Preanalysis,*,*,i/NNG/*+motiv/NNG/*
ionlatex,1781,3534,1835,NNG,*,F,ionlatex,Preanalysis,*,*,ion/NNG/*+latex/NNG/*
ipadair,1781,3534,1835,NNG,*,F,ipadair,Preanalysis,*,*,ipad/NNG/*+air/NNG/*
ipcam,1781,3534,1835,NNG,*,F,ipcam,Preanalysis,*,*,ip/NNG/*+cam/NNG/*
iphonecase,1781,3534,1835,NNG,*,F,iphonecase,Preanalysis,*,*,iphone/NNG/*+case/NNG/*
iphonese,1781,3534,1835,NNG,*,F,iphonese,Preanalysis,*,*,iphone/NNG/*+se/NNG/*
iphonex,1781,3534,1835,NNG,*,F,iphonex,Preanalysis,*,*,iphone/NNG/*+x/NNG/*
iptime,1781,3534,1835,NNG,*,F,iptime,Preanalysis,*,*,ip/NNG/*+time/NNG/*
isofix,1781,3534,1835,NNG,*,F,isofix,Preanalysis,*,*,iso/NNG/*+fix/NNG/*
jansports,1781,3534,1835,NNG,*,F,jansports,Preanalysis,*,*,jan/NNG/*+sports/NNG/*
jaybird,1781,3534,1835,NNG,*,F,jaybird,Preanalysis,*,*,jay/NNG/*+bird/NNG/*
jetbook,1781,3534,1835,NNG,*,F,jetbook,Preanalysis,*,*,jet/NNG/*+book/NNG/*
jetdrive,1781,3534,1835,NNG,*,F,jetdrive,Preanalysis,*,*,jet/NNG/*+drive/NNG/*
jetstream,1781,3534,1835,NNG,*,F,jetstream,Preanalysis,*,*,jet/NNG/*+stream/NNG/*
jimmychoo,1781,3534,1835,NNG,*,F,jimmychoo,Preanalysis,*,*,jimmy/NNG/*+choo/NNG/*
joeybigtinrainbowmediumclearwater,1781,3534,1835,NNG,*,F,joeybigtinrainbowmediumclearwater,Preanalysis,*,*,joeybigtinrainbowmediumclearwate/NNG/*+r/NNG/*
jupazip,1781,3534,1835,NNG,*,F,jupazip,Preanalysis,*,*,jupa/NNG/*+zip/NNG/*
justlink,1781,3534,1835,NNG,*,F,justlink,Preanalysis,*,*,just/NNG/*+link/NNG/*
labelm,1781,3534,1835,NNG,*,F,labelm,Preanalysis,*,*,label/NNG/*+m/NNG/*
lacrememain,1781,3534,1835,NNG,*,F,lacrememain,Preanalysis,*,*,la/NNG/*+creme/NNG/*+main/NNG/*
lazboy,1781,3534,1835,NNG,*,F,lazboy,Preanalysis,*,*,laz/NNG/*+boy/NNG/*
lazybee,1781,3534,1835,NNG,*,F,lazybee,Preanalysis,*,*,lazy/NNG/*+bee/NNG/*
lcdtv,1781,3534,1835,NNG,*,F,lcdtv,Preanalysis,*,*,lcd/NNG/*+tv/NNG/*
leanback,1781,3534,1835,NNG,*,F,leanback,Preanalysis,*,*,lean/NNG/*+back/NNG/*
leatherman,1781,3534,1835,NNG,*,F,leatherman,Preanalysis,*,*,leather/NNG/*+man/NNG/*
lebody,1781,3534,1835,NNG,*,F,lebody,Preanalysis,*,*,le/NNG/*+body/NNG/*
ledtv,1781,3534,1835,NNG,*,F,ledtv,Preanalysis,*,*,led/NNG/*+tv/NNG/*
leicamp,1781,3534,1835,NNG,*,F,leicamp,Preanalysis,*,*,leica/NNG/*+mp/NNG/*
lepapa,1781,3534,1835,NNG,*,F,lepapa,Preanalysis,*,*,le/NNG/*+papa/NNG/*
lgdios,1781,3534,1835,NNG,*,F,lgdios,Preanalysis,*,*,lg/NNG/*+dios/NNG/*
lggpad,1781,3534,1835,NNG,*,F,lggpad,Preanalysis,*,*,lg/NNG/*+g/NNG/*+pad/NNG/*
lggpro,1781,3534,1835,NNG,*,F,lggpro,Preanalysis,*,*,lg/NNG/*+g/NNG/*+pro/NNG/*
lggram,1781,3534,1835,NNG,*,F,lggram,Preanalysis,*,*,lg/NNG/*+gram/NNG/*
lggx,1781,3534,1835,NNG,*,F,lggx,Preanalysis,*,*,lg/NNG/*+gx/NNG/*
lgibe,1781,3534,1835,NNG,*,F,lgibe,Preanalysis,*,*,lg/NNG/*+ibe/NNG/*
lgibm,1781,3534,1835,NNG,*,F,lgibm,Preanalysis,*,*,lg/NNG/*+ibm/NNG/*
lginfinia,1781,3534,1835,NNG,*,F,lginfinia,Preanalysis,*,*,lg/NNG/*+infinia/NNG/*
lglcd,1781,3534,1835,NNG,*,F,lglcd,Preanalysis,*,*,lg/NNG/*+lcd/NNG/*
lglcdtv,1781,3534,1835,NNG,*,F,lglcdtv,Preanalysis,*,*,lg/NNG/*+lcd/NNG/*+tv/NNG/*
lgledtv,1781,3534,1835,NNG,*,F,lgledtv,Preanalysis,*,*,lg/NNG/*+led/NNG/*+tv/NNG/*
lglogix,1781,3534,1835,NNG,*,F,lglogix,Preanalysis,*,*,lg/NNG/*+logix/NNG/*
lgpc,1781,3534,1835,NNG,*,F,lgpc,Preanalysis,*,*,lg/NNG/*+pc/NNG/*
lgsmarttv,1781,3534,1835,NNG,*,F,lgsmarttv,Preanalysis,*,*,lg/NNG/*+smart/NNG/*+tv/NNG/*
lgstyler,1781,3534,1835,NNG,*,F,lgstyler,Preanalysis,*,*,lg/NNG/*+styler/NNG/*
lgtv,1781,3534,1835,NNG,*,F,lgtv,Preanalysis,*,*,lg/NNG/*+tv/NNG/*
lguplus,1781,3534,1835,NNG,*,F,lguplus,Preanalysis,*,*,lg/NNG/*+uplus/NNG/*
lgwhisen,1781,3534,1835,NNG,*,F,lgwhisen,Preanalysis,*,*,lg/NNG/*+whisen/NNG/*
lgxnote,1781,3534,1835,NNG,*,F,lgxnote,Preanalysis,*,*,lg/NNG/*+x/NNG/*+note/NNG/*
lifetrons,1781,3534,1835,NNG,*,F,lifetrons,Preanalysis,*,*,life/NNG/*+trons/NNG/*
lillypots,1781,3534,1835,NNG,*,F,lillypots,Preanalysis,*,*,lilly/NNG/*+pots/NNG/*
limegreen,1781,3534,1835,NNG,*,F,limegreen,Preanalysis,*,*,lime/NNG/*+green/NNG/*
longcilsboncza,1781,3534,1835,NNG,*,F,longcilsboncza,Preanalysis,*,*,longcils/NNG/*+boncza/NNG/*
longsleeved,1781,3534,1835,NNG,*,F,longsleeved,Preanalysis,*,*,long/NNG/*+sleeved/NNG/*
longtee,1781,3534,1835,NNG,*,F,longtee,Preanalysis,*,*,long/NNG/*+tee/NNG/*
longvest,1781,3534,1835,NNG,*,F,longvest,Preanalysis,*,*,long/NNG/*+vest/NNG/*
lookoptical,1781,3534,1835,NNG,*,F,lookoptical,Preanalysis,*,*,look/NNG/*+optical/NNG/*
loomband,1781,3534,1835,NNG,*,F,loomband,Preanalysis,*,*,loom/NNG/*+band/NNG/*
looneytoons,1781,3534,1835,NNG,*,F,looneytoons,Preanalysis,*,*,looney/NNG/*+toons/NNG/*
loosetee,1781,3534,1835,NNG,*,F,loosetee,Preanalysis,*,*,loose/NNG/*+tee/NNG/*
lorafrances,1781,3534,1835,NNG,*,F,lorafrances,Preanalysis,*,*,lora/NNG/*+frances/NNG/*
lornajane,1781,3534,1835,NNG,*,F,lornajane,Preanalysis,*,*,lorna/NNG/*+jane/NNG/*
loropiana,1781,3534,1835,NNG,*,F,loropiana,Preanalysis,*,*,loro/NNG/*+piana/NNG/*
losangeles,1781,3534,1835,NNG,*,F,losangeles,Preanalysis,*,*,los/NNG/*+angeles/NNG/*
lotstocuddle,1781,3534,1835,NNG,*,F,lotstocuddle,Preanalysis,*,*,lots/NNG/*+to/NNG/*+cuddle/NNG/*
loudalton,1781,3534,1835,NNG,*,F,loudalton,Preanalysis,*,*,lou/NNG/*+dalton/NNG/*
louiscastel,1781,3534,1835,NNG,*,F,louiscastel,Preanalysis,*,*,louis/NNG/*+castel/NNG/*
louisdog,1781,3534,1835,NNG,*,F,louisdog,Preanalysis,*,*,louis/NNG/*+dog/NNG/*
louiserard,1781,3534,1835,NNG,*,F,louiserard,Preanalysis,*,*,louis/NNG/*+erard/NNG/*
louisgarneau,1781,3534,1835,NNG,*,F,louisgarneau,Preanalysis,*,*,louis/NNG/*+garneau/NNG/*
louisleeman,1781,3534,1835,NNG,*,F,louisleeman,Preanalysis,*,*,louis/NNG/*+leeman/NNG/*
louisquartoz,1781,3534,1835,NNG,*,F,louisquartoz,Preanalysis,*,*,louis/NNG/*+quartoz/NNG/*
louisquatorze,1781,3534,1835,NNG,*,F,louisquatorze,Preanalysis,*,*,louis/NNG/*+quatorze/NNG/*
louisvassett,1781,3534,1835,NNG,*,F,louisvassett,Preanalysis,*,*,louis/NNG/*+vassett/NNG/*
louisvitton,1781,3534,1835,NNG,*,F,louisvitton,Preanalysis,*,*,louis/NNG/*+vitton/NNG/*
louisvuitton,1781,3534,1835,NNG,*,F,louisvuitton,Preanalysis,*,*,louis/NNG/*+vuitton/NNG/*
lovebypurple,1781,3534,1835,NNG,*,F,lovebypurple,Preanalysis,*,*,love/NNG/*+by/NNG/*+purple/NNG/*
lovememonster,1781,3534,1835,NNG,*,F,lovememonster,Preanalysis,*,*,love/NNG/*+me/NNG/*+monster/NNG/*
lovemere,1781,3534,1835,NNG,*,F,lovemere,Preanalysis,*,*,love/NNG/*+mere/NNG/*
lovespell,1781,3534,1835,NNG,*,F,lovespell,Preanalysis,*,*,love/NNG/*+spell/NNG/*
lovinghome,1781,3534,1835,NNG,*,F,lovinghome,Preanalysis,*,*,loving/NNG/*+home/NNG/*
lowealpine,1781,3534,1835,NNG,*,F,lowealpine,Preanalysis,*,*,lowe/NNG/*+alpine/NNG/*
lowrysfarm,1781,3534,1835,NNG,*,F,lowrysfarm,Preanalysis,*,*,lowrys/NNG/*+farm/NNG/*
lpbackpack,1781,3534,1835,NNG,*,F,lpbackpack,Preanalysis,*,*,lp/NNG/*+backpack/NNG/*
ltea,1781,3534,1835,NNG,*,F,ltea,Preanalysis,*,*,lte/NNG/*+a/NNG/*
lucatrazzi,1781,3534,1835,NNG,*,F,lucatrazzi,Preanalysis,*,*,luca/NNG/*+trazzi/NNG/*
lucbesson,1781,3534,1835,NNG,*,F,lucbesson,Preanalysis,*,*,luc/NNG/*+besson/NNG/*
luccacouture,1781,3534,1835,NNG,*,F,luccacouture,Preanalysis,*,*,lucca/NNG/*+couture/NNG/*
lucianochoi,1781,3534,1835,NNG,*,F,lucianochoi,Preanalysis,*,*,luciano/NNG/*+choi/NNG/*
lucidfall,1781,3534,1835,NNG,*,F,lucidfall,Preanalysis,*,*,lucid/NNG/*+fall/NNG/*
luciekaas,1781,3534,1835,NNG,*,F,luciekaas,Preanalysis,*,*,lucie/NNG/*+kaas/NNG/*
lucienpiccard,1781,3534,1835,NNG,*,F,lucienpiccard,Preanalysis,*,*,lucien/NNG/*+piccard/NNG/*
luckybrand,1781,3534,1835,NNG,*,F,luckybrand,Preanalysis,*,*,lucky/NNG/*+brand/NNG/*
luckychouette,1781,3534,1835,NNG,*,F,luckychouette,Preanalysis,*,*,lucky/NNG/*+chouette/NNG/*
luckydog,1781,3534,1835,NNG,*,F,luckydog,Preanalysis,*,*,lucky/NNG/*+dog/NNG/*
luerlok,1781,3534,1835,NNG,*,F,luerlok,Preanalysis,*,*,luer/NNG/*+lok/NNG/*
luigicolani,1781,3534,1835,NNG,*,F,luigicolani,Preanalysis,*,*,luigi/NNG/*+colani/NNG/*
luisaspagnoli,1781,3534,1835,NNG,*,F,luisaspagnoli,Preanalysis,*,*,luisa/NNG/*+spagnoli/NNG/*
lukbooks,1781,3534,1835,NNG,*,F,lukbooks,Preanalysis,*,*,luk/NNG/*+books/NNG/*
lulucastagnette,1781,3534,1835,NNG,*,F,lulucastagnette,Preanalysis,*,*,lulu/NNG/*+castagnette/NNG/*
luluguinness,1781,3534,1835,NNG,*,F,luluguinness,Preanalysis,*,*,lulu/NNG/*+guinness/NNG/*
lunasea,1781,3534,1835,NNG,*,F,lunasea,Preanalysis,*,*,luna/NNG/*+sea/NNG/*
lunebleueamin,1781,3534,1835,NNG,*,F,lunebleueamin,Preanalysis,*,*,lunebleue/NNG/*+a/NNG/*+min/NNG/*
luulightning,1781,3534,1835,NNG,*,F,luulightning,Preanalysis,*,*,luu/NNG/*+lightning/NNG/*
luvistrue,1781,3534,1835,NNG,*,F,luvistrue,Preanalysis,*,*,luv/NNG/*+is/NNG/*+true/NNG/*
maadstudio,1781,3534,1835,NNG,*,F,maadstudio,Preanalysis,*,*,maad/NNG/*+studio/NNG/*
macaroniandcheese,1781,3534,1835,NNG,*,F,macaroniandcheese,Preanalysis,*,*,macaroni/NNG/*+and/NNG/*+cheese/NNG/*
macaroot,1781,3534,1835,NNG,*,F,macaroot,Preanalysis,*,*,maca/NNG/*+root/NNG/*
macbook,1781,3534,1835,NNG,*,F,macbook,Preanalysis,*,*,mac/NNG/*+book/NNG/*
macbookpro,1781,3534,1835,NNG,*,F,macbookpro,Preanalysis,*,*,mac/NNG/*+book/NNG/*+pro/NNG/*
macchili,1781,3534,1835,NNG,*,F,macchili,Preanalysis,*,*,mac/NNG/*+chili/NNG/*
machinejeans,1781,3534,1835,NNG,*,F,machinejeans,Preanalysis,*,*,machine/NNG/*+jeans/NNG/*
machupicchu,1781,3534,1835,NNG,*,F,machupicchu,Preanalysis,*,*,machu/NNG/*+picchu/NNG/*
machview,1781,3534,1835,NNG,*,F,machview,Preanalysis,*,*,mach/NNG/*+view/NNG/*
macmini,1781,3534,1835,NNG,*,F,macmini,Preanalysis,*,*,mac/NNG/*+mini/NNG/*
macmoc,1781,3534,1835,NNG,*,F,macmoc,Preanalysis,*,*,mac/NNG/*+moc/NNG/*
macosadamas,1781,3534,1835,NNG,*,F,macosadamas,Preanalysis,*,*,macos/NNG/*+adamas/NNG/*
macpro,1781,3534,1835,NNG,*,F,macpro,Preanalysis,*,*,mac/NNG/*+pro/NNG/*
macsafe,1781,3534,1835,NNG,*,F,macsafe,Preanalysis,*,*,mac/NNG/*+safe/NNG/*
macsports,1781,3534,1835,NNG,*,F,macsports,Preanalysis,*,*,mac/NNG/*+sports/NNG/*
madecobalm,1781,3534,1835,NNG,*,F,madecobalm,Preanalysis,*,*,madeco/NNG/*+balm/NNG/*
magicarm,1781,3534,1835,NNG,*,F,magicarm,Preanalysis,*,*,magic/NNG/*+arm/NNG/*
magiccan,1781,3534,1835,NNG,*,F,magiccan,Preanalysis,*,*,magic/NNG/*+can/NNG/*
magicchef,1781,3534,1835,NNG,*,F,magicchef,Preanalysis,*,*,magic/NNG/*+chef/NNG/*
magicpen,1781,3534,1835,NNG,*,F,magicpen,Preanalysis,*,*,magic/NNG/*+pen/NNG/*
magistaorden,1781,3534,1835,NNG,*,F,magistaorden,Preanalysis,*,*,magista/NNG/*+orden/NNG/*
magsafe,1781,3534,1835,NNG,*,F,magsafe,Preanalysis,*,*,mag/NNG/*+safe/NNG/*
mahsoyoung,1781,3534,1835,NNG,*,F,mahsoyoung,Preanalysis,*,*,mah/NNG/*+soyoung/NNG/*
mainboard,1781,3534,1835,NNG,*,F,mainboard,Preanalysis,*,*,main/NNG/*+board/NNG/*
maisondeines,1781,3534,1835,NNG,*,F,maisondeines,Preanalysis,*,*,maison/NNG/*+de/NNG/*+ines/NNG/*
maisonkitsune,1781,3534,1835,NNG,*,F,maisonkitsune,Preanalysis,*,*,maison/NNG/*+kitsune/NNG/*
maisonmargiela,1781,3534,1835,NNG,*,F,maisonmargiela,Preanalysis,*,*,maison/NNG/*+margiela/NNG/*
majahflavah,1781,3534,1835,NNG,*,F,majahflavah,Preanalysis,*,*,majah/NNG/*+flavah/NNG/*
majorleague,1781,3534,1835,NNG,*,F,majorleague,Preanalysis,*,*,major/NNG/*+league/NNG/*
majorleaguebaseball,1781,3534,1835,NNG,*,F,majorleaguebaseball,Preanalysis,*,*,major/NNG/*+league/NNG/*+baseball/NNG/*
makenbreak,1781,3534,1835,NNG,*,F,makenbreak,Preanalysis,*,*,make/NNG/*+n/NNG/*+break/NNG/*
makerbot,1781,3534,1835,NNG,*,F,makerbot,Preanalysis,*,*,maker/NNG/*+bot/NNG/*
makeupforever,1781,3534,1835,NNG,*,F,makeupforever,Preanalysis,*,*,make/NNG/*+up/NNG/*+for/NNG/*+ever/NNG/*
makinochaya,1781,3534,1835,NNG,*,F,makinochaya,Preanalysis,*,*,makino/NNG/*+chaya/NNG/*
maluwilz,1781,3534,1835,NNG,*,F,maluwilz,Preanalysis,*,*,malu/NNG/*+wilz/NNG/*
mamabee,1781,3534,1835,NNG,*,F,mamabee,Preanalysis,*,*,mama/NNG/*+bee/NNG/*
mamaison,1781,3534,1835,NNG,*,F,mamaison,Preanalysis,*,*,ma/NNG/*+maison/NNG/*
mamazhome,1781,3534,1835,NNG,*,F,mamazhome,Preanalysis,*,*,mamaz/NNG/*+home/NNG/*
mamondebb,1781,3534,1835,NNG,*,F,mamondebb,Preanalysis,*,*,mamonde/NNG/*+bb/NNG/*
manchesterunited,1781,3534,1835,NNG,*,F,manchesterunited,Preanalysis,*,*,manchester/NNG/*+united/NNG/*
mandarinaduck,1781,3534,1835,NNG,*,F,mandarinaduck,Preanalysis,*,*,mandarina/NNG/*+duck/NNG/*
mandarinebrothers,1781,3534,1835,NNG,*,F,mandarinebrothers,Preanalysis,*,*,mandarine/NNG/*+brothers/NNG/*
mangokids,1781,3534,1835,NNG,*,F,mangokids,Preanalysis,*,*,mango/NNG/*+kids/NNG/*
manhattanpassage,1781,3534,1835,NNG,*,F,manhattanpassage,Preanalysis,*,*,manhattan/NNG/*+passage/NNG/*
manhattanportage,1781,3534,1835,NNG,*,F,manhattanportage,Preanalysis,*,*,manhattan/NNG/*+portage/NNG/*
mannfilter,1781,3534,1835,NNG,*,F,mannfilter,Preanalysis,*,*,mann/NNG/*+filter/NNG/*
manoloblahnik,1781,3534,1835,NNG,*,F,manoloblahnik,Preanalysis,*,*,manolo/NNG/*+blahnik/NNG/*
mansurgavriel,1781,3534,1835,NNG,*,F,mansurgavriel,Preanalysis,*,*,mansur/NNG/*+gavriel/NNG/*
manuelritz,1781,3534,1835,NNG,*,F,manuelritz,Preanalysis,*,*,manuel/NNG/*+ritz/NNG/*
marahoffman,1781,3534,1835,NNG,*,F,marahoffman,Preanalysis,*,*,mara/NNG/*+hoffman/NNG/*
marcb,1781,3534,1835,NNG,*,F,marcb,Preanalysis,*,*,marc/NNG/*+b/NNG/*
marcbymarcjacobs,1781,3534,1835,NNG,*,F,marcbymarcjacobs,Preanalysis,*,*,marc/NNG/*+by/NNG/*+marc/NNG/*+jacobs/NNG/*
marccain,1781,3534,1835,NNG,*,F,marccain,Preanalysis,*,*,marc/NNG/*+cain/NNG/*
marceloburlon,1781,3534,1835,NNG,*,F,marceloburlon,Preanalysis,*,*,marcelo/NNG/*+burlon/NNG/*
marchwith,1781,3534,1835,NNG,*,F,marchwith,Preanalysis,*,*,march/NNG/*+with/NNG/*
marcjacobs,1781,3534,1835,NNG,*,F,marcjacobs,Preanalysis,*,*,marc/NNG/*+jacobs/NNG/*
marcnewson,1781,3534,1835,NNG,*,F,marcnewson,Preanalysis,*,*,marc/NNG/*+newson/NNG/*
maresavanti,1781,3534,1835,NNG,*,F,maresavanti,Preanalysis,*,*,mares/NNG/*+avanti/NNG/*
margarethowell,1781,3534,1835,NNG,*,F,margarethowell,Preanalysis,*,*,margaret/NNG/*+howell/NNG/*
margarinfingers,1781,3534,1835,NNG,*,F,margarinfingers,Preanalysis,*,*,margarin/NNG/*+fingers/NNG/*
margesherwood,1781,3534,1835,NNG,*,F,margesherwood,Preanalysis,*,*,marge/NNG/*+sherwood/NNG/*
mariagalland,1781,3534,1835,NNG,*,F,mariagalland,Preanalysis,*,*,maria/NNG/*+galland/NNG/*
mariannekate,1781,3534,1835,NNG,*,F,mariannekate,Preanalysis,*,*,marianne/NNG/*+kate/NNG/*
mariebyrd,1781,3534,1835,NNG,*,F,mariebyrd,Preanalysis,*,*,marie/NNG/*+byrd/NNG/*
maristeiger,1781,3534,1835,NNG,*,F,maristeiger,Preanalysis,*,*,mari/NNG/*+steiger/NNG/*
markryden,1781,3534,1835,NNG,*,F,markryden,Preanalysis,*,*,mark/NNG/*+ryden/NNG/*
matebook,1781,3534,1835,NNG,*,F,matebook,Preanalysis,*,*,mate/NNG/*+book/NNG/*
matureha,1781,3534,1835,NNG,*,F,matureha,Preanalysis,*,*,mature/NNG/*+ha/NNG/*
maxtek,1781,3534,1835,NNG,*,F,maxtek,Preanalysis,*,*,max/NNG/*+tek/NNG/*
maxtombow,1781,3534,1835,NNG,*,F,maxtombow,Preanalysis,*,*,max/NNG/*+tombow/NNG/*
mbrunomagli,1781,3534,1835,NNG,*,F,mbrunomagli,Preanalysis,*,*,m/NNG/*+bruno/NNG/*+magli/NNG/*
mcpay,1781,3534,1835,NNG,*,F,mcpay,Preanalysis,*,*,mc/NNG/*+pay/NNG/*
megaq,1781,3534,1835,NNG,*,F,megaq,Preanalysis,*,*,mega/NNG/*+q/NNG/*
megavision,1781,3534,1835,NNG,*,F,megavision,Preanalysis,*,*,mega/NNG/*+vision/NNG/*
metallath,1781,3534,1835,NNG,*,F,metallath,Preanalysis,*,*,metal/NNG/*+lath/NNG/*
mibox,1781,3534,1835,NNG,*,F,mibox,Preanalysis,*,*,mi/NNG/*+box/NNG/*
michaelkors,1781,3534,1835,NNG,*,F,michaelkors,Preanalysis,*,*,michael/NNG/*+kors/NNG/*
michaelkorsbag,1781,3534,1835,NNG,*,F,michaelkorsbag,Preanalysis,*,*,michael/NNG/*+kors/NNG/*+bag/NNG/*
microcell,1781,3534,1835,NNG,*,F,microcell,Preanalysis,*,*,micro/NNG/*+cell/NNG/*
microhdmi,1781,3534,1835,NNG,*,F,microhdmi,Preanalysis,*,*,micro/NNG/*+hdmi/NNG/*
microsd,1781,3534,1835,NNG,*,F,microsd,Preanalysis,*,*,micro/NNG/*+sd/NNG/*
microsdhc,1781,3534,1835,NNG,*,F,microsdhc,Preanalysis,*,*,micro/NNG/*+sdhc/NNG/*
microsoft,1781,3534,1835,NNG,*,F,microsoft,Preanalysis,*,*,micro/NNG/*+soft/NNG/*
minecraft,1781,3534,1835,NNG,*,F,minecraft,Preanalysis,*,*,mine/NNG/*+craft/NNG/*
minidisplayport,1781,3534,1835,NNG,*,F,minidisplayport,Preanalysis,*,*,mini/NNG/*+display/NNG/*+port/NNG/*
minidp,1781,3534,1835,NNG,*,F,minidp,Preanalysis,*,*,mini/NNG/*+dp/NNG/*
mlimited,1781,3534,1835,NNG,*,F,mlimited,Preanalysis,*,*,m/NNG/*+limited/NNG/*
mmissoni,1781,3534,1835,NNG,*,F,mmissoni,Preanalysis,*,*,m/NNG/*+missoni/NNG/*
mobball,1781,3534,1835,NNG,*,F,mobball,Preanalysis,*,*,mob/NNG/*+ball/NNG/*
mogone,1781,3534,1835,NNG,*,F,mogone,Preanalysis,*,*,mog/NNG/*+one/NNG/*
moroccanoil,1781,3534,1835,NNG,*,F,moroccanoil,Preanalysis,*,*,moroccan/NNG/*+oil/NNG/*
motherboard,1781,3534,1835,NNG,*,F,motherboard,Preanalysis,*,*,mother/NNG/*+board/NNG/*
motorsport,1781,3534,1835,NNG,*,F,motorsport,Preanalysis,*,*,motor/NNG/*+sport/NNG/*
motorsports,1781,3534,1835,NNG,*,F,motorsports,Preanalysis,*,*,motor/NNG/*+sport/NNG/*+s/NNG/*
mountainboard,1781,3534,1835,NNG,*,F,mountainboard,Preanalysis,*,*,mountain/NNG/*+board/NNG/*
multimedia,1781,3534,1835,NNG,*,F,multimedia,Preanalysis,*,*,multi/NNG/*+media/NNG/*
multimediacards,1781,3534,1835,NNG,*,F,multimediacards,Preanalysis,*,*,multi/NNG/*+media/NNG/*+cards/NNG/*
mydarak,1781,3534,1835,NNG,*,F,mydarak,Preanalysis,*,*,my/NNG/*+darak/NNG/*
mymemoria,1781,3534,1835,NNG,*,F,mymemoria,Preanalysis,*,*,my/NNG/*+memoria/NNG/*
mymic,1781,3534,1835,NNG,*,F,mymic,Preanalysis,*,*,my/NNG/*+mic/NNG/*
nethard,1781,3534,1835,NNG,*,F,nethard,Preanalysis,*,*,net/NNG/*+hard/NNG/*
newbelmar,1781,3534,1835,NNG,*,F,newbelmar,Preanalysis,*,*,new/NNG/*+belmar/NNG/*
newid,1781,3534,1835,NNG,*,F,newid,Preanalysis,*,*,new/NNG/*+id/NNG/*
newplus,1781,3534,1835,NNG,*,F,newplus,Preanalysis,*,*,new/NNG/*+plus/NNG/*
newsurface,1781,3534,1835,NNG,*,F,newsurface,Preanalysis,*,*,new/NNG/*+surface/NNG/*
newsync,1781,3534,1835,NNG,*,F,newsync,Preanalysis,*,*,new/NNG/*+sync/NNG/*
newtom,1781,3534,1835,NNG,*,F,newtom,Preanalysis,*,*,new/NNG/*+tom/NNG/*
nexcare,1781,3534,1835,NNG,*,F,nexcare,Preanalysis,*,*,nex/NNG/*+care/NNG/*
nextbook,1781,3534,1835,NNG,*,F,nextbook,Preanalysis,*,*,next/NNG/*+book/NNG/*
nexwide,1781,3534,1835,NNG,*,F,nexwide,Preanalysis,*,*,nex/NNG/*+wide/NNG/*
ninewest,1781,3534,1835,NNG,*,F,ninewest,Preanalysis,*,*,nine/NNG/*+west/NNG/*
nitecore,1781,3534,1835,NNG,*,F,nitecore,Preanalysis,*,*,nite/NNG/*+core/NNG/*
nmouse,1781,3534,1835,NNG,*,F,nmouse,Preanalysis,*,*,n/NNG/*+mouse/NNG/*
notebook,1781,3534,1835,NNG,*,F,notebook,Preanalysis,*,*,note/NNG/*+book/NNG/*
noteedge,1781,3534,1835,NNG,*,F,noteedge,Preanalysis,*,*,note/NNG/*+edge/NNG/*
notefe,1781,3534,1835,NNG,*,F,notefe,Preanalysis,*,*,note/NNG/*+fe/NNG/*
nursecall,1781,3534,1835,NNG,*,F,nursecall,Preanalysis,*,*,nurse/NNG/*+call/NNG/*
nxmini,1781,3534,1835,NNG,*,F,nxmini,Preanalysis,*,*,nx/NNG/*+mini/NNG/*
nyquil,1781,3534,1835,NNG,*,F,nyquil,Preanalysis,*,*,ny/NNG/*+quil/NNG/*
officejet,1781,3534,1835,NNG,*,F,officejet,Preanalysis,*,*,office/NNG/*+jet/NNG/*
oledtv,1781,3534,1835,NNG,*,F,oledtv,Preanalysis,*,*,oled/NNG/*+tv/NNG/*
onankorea,1781,3534,1835,NNG,*,F,onankorea,Preanalysis,*,*,onan/NNG/*+korea/NNG/*
opamp,1781,3534,1835,NNG,*,F,opamp,Preanalysis,*,*,op/NNG/*+amp/NNG/*
optiplex,1781,3534,1835,NNG,*,F,optiplex,Preanalysis,*,*,opti/NNG/*+plex/NNG/*
oversized,1781,3534,1835,NNG,*,F,oversized,Preanalysis,*,*,over/NNG/*+sized/NNG/*
pacsafe,1781,3534,1835,NNG,*,F,pacsafe,Preanalysis,*,*,pac/NNG/*+safe/NNG/*
pancake,1781,3534,1835,NNG,*,F,pancake,Preanalysis,*,*,pan/NNG/*+cake/NNG/*
parrotzik,1781,3534,1835,NNG,*,F,parrotzik,Preanalysis,*,*,parrot/NNG/*+zik/NNG/*
pcbank,1781,3534,1835,NNG,*,F,pcbank,Preanalysis,*,*,pc/NNG/*+bank/NNG/*
pcmcia,1781,3534,1835,NNG,*,F,pcmcia,Preanalysis,*,*,pc/NNG/*+mcia/NNG/*
pdaphone,1781,3534,1835,NNG,*,F,pdaphone,Preanalysis,*,*,pda/NNG/*+phone/NNG/*
pdptv,1781,3534,1835,NNG,*,F,pdptv,Preanalysis,*,*,pdp/NNG/*+tv/NNG/*
phigolf,1781,3534,1835,NNG,*,F,phigolf,Preanalysis,*,*,phi/NNG/*+golf/NNG/*
pindot,1781,3534,1835,NNG,*,F,pindot,Preanalysis,*,*,pin/NNG/*+dot/NNG/*
playstation,1781,3534,1835,NNG,*,F,playstation,Preanalysis,*,*,play/NNG/*+station/NNG/*
plusone,1781,3534,1835,NNG,*,F,plusone,Preanalysis,*,*,plus/NNG/*+one/NNG/*
powerbilt,1781,3534,1835,NNG,*,F,powerbilt,Preanalysis,*,*,power/NNG/*+bilt/NNG/*
powerbot,1781,3534,1835,NNG,*,F,powerbot,Preanalysis,*,*,power/NNG/*+bot/NNG/*
proclean,1781,3534,1835,NNG,*,F,proclean,Preanalysis,*,*,pro/NNG/*+clean/NNG/*
prodesk,1781,3534,1835,NNG,*,F,prodesk,Preanalysis,*,*,pro/NNG/*+desk/NNG/*
prodrive,1781,3534,1835,NNG,*,F,prodrive,Preanalysis,*,*,pro/NNG/*+drive/NNG/*
proslab,1781,3534,1835,NNG,*,F,proslab,Preanalysis,*,*,pros/NNG/*+lab/NNG/*
protrek,1781,3534,1835,NNG,*,F,protrek,Preanalysis,*,*,pro/NNG/*+trek/NNG/*
qicycle,1781,3534,1835,NNG,*,F,qicycle,Preanalysis,*,*,qi/NNG/*+cycle/NNG/*
qled,1781,3534,1835,NNG,*,F,qled,Preanalysis,*,*,q/NNG/*+led/NNG/*
qstar,1781,3534,1835,NNG,*,F,qstar,Preanalysis,*,*,q/NNG/*+star/NNG/*
quattropower,1781,3534,1835,NNG,*,F,quattropower,Preanalysis,*,*,quattro/NNG/*+power/NNG/*
quickcam,1781,3534,1835,NNG,*,F,quickcam,Preanalysis,*,*,quick/NNG/*+cam/NNG/*
quickcharge,1781,3534,1835,NNG,*,F,quickcharge,Preanalysis,*,*,quick/NNG/*+charge/NNG/*
quicklook,1781,3534,1835,NNG,*,F,quicklook,Preanalysis,*,*,quick/NNG/*+look/NNG/*
quickshift,1781,3534,1835,NNG,*,F,quickshift,Preanalysis,*,*,quick/NNG/*+shift/NNG/*
rattleware,1781,3534,1835,NNG,*,F,rattleware,Preanalysis,*,*,rattle/NNG/*+ware/NNG/*
remychauvin,1781,3534,1835,NNG,*,F,remychauvin,Preanalysis,*,*,remy/NNG/*+chauvin/NNG/*
resmed,1781,3534,1835,NNG,*,F,resmed,Preanalysis,*,*,res/NNG/*+med/NNG/*
ripjaws,1781,3534,1835,NNG,*,F,ripjaws,Preanalysis,*,*,rip/NNG/*+jaws/NNG/*
ripplelook,1781,3534,1835,NNG,*,F,ripplelook,Preanalysis,*,*,ripple/NNG/*+look/NNG/*
rockbros,1781,3534,1835,NNG,*,F,rockbros,Preanalysis,*,*,rock/NNG/*+bros/NNG/*
rockport,1781,3534,1835,NNG,*,F,rockport,Preanalysis,*,*,rock/NNG/*+port/NNG/*
roocase,1781,3534,1835,NNG,*,F,roocase,Preanalysis,*,*,roo/NNG/*+case/NNG/*
samsungsmarttv,1781,3534,1835,NNG,*,F,samsungsmarttv,Preanalysis,*,*,samsung/NNG/*+smart/NNG/*+tv/NNG/*
sandisk,1781,3534,1835,NNG,*,F,sandisk,Preanalysis,*,*,san/NNG/*+disk/NNG/*
sandiskcorporation,1781,3534,1835,NNG,*,F,sandiskcorporation,Preanalysis,*,*,san/NNG/*+disk/NNG/*+corporation/NNG/*
sensetv,1781,3534,1835,NNG,*,F,sensetv,Preanalysis,*,*,sense/NNG/*+tv/NNG/*
skateboard,1781,3534,1835,NNG,*,F,skateboard,Preanalysis,*,*,skate/NNG/*+board/NNG/*
skylake,1781,3534,1835,NNG,*,F,skylake,Preanalysis,*,*,sky/NNG/*+lake/NNG/*
sleekstyle,1781,3534,1835,NNG,*,F,sleekstyle,Preanalysis,*,*,sleek/NNG/*+style/NNG/*
slightbook,1781,3534,1835,NNG,*,F,slightbook,Preanalysis,*,*,slight/NNG/*+book/NNG/*
slimbook,1781,3534,1835,NNG,*,F,slimbook,Preanalysis,*,*,slim/NNG/*+book/NNG/*
smallrig,1781,3534,1835,NNG,*,F,smallrig,Preanalysis,*,*,small/NNG/*+rig/NNG/*
smartmedia,1781,3534,1835,NNG,*,F,smartmedia,Preanalysis,*,*,smart/NNG/*+media/NNG/*
smartphone,1781,3534,1835,NNG,*,F,smartphone,Preanalysis,*,*,smart/NNG/*+phone/NNG/*
smartphones,1781,3534,1835,NNG,*,F,smartphones,Preanalysis,*,*,smart/NNG/*+phones/NNG/*
smarttv,1781,3534,1835,NNG,*,F,smarttv,Preanalysis,*,*,smart/NNG/*+tv/NNG/*
snagit,1781,3534,1835,NNG,*,F,snagit,Preanalysis,*,*,snag/NNG/*+it/NNG/*
sonytv,1781,3534,1835,NNG,*,F,sonytv,Preanalysis,*,*,sony/NNG/*+tv/NNG/*
soundbar,1781,3534,1835,NNG,*,F,soundbar,Preanalysis,*,*,sound/NNG/*+bar/NNG/*
soundcraft,1781,3534,1835,NNG,*,F,soundcraft,Preanalysis,*,*,sound/NNG/*+craft/NNG/*
soundgraph,1781,3534,1835,NNG,*,F,soundgraph,Preanalysis,*,*,sound/NNG/*+graph/NNG/*
soundsport,1781,3534,1835,NNG,*,F,soundsport,Preanalysis,*,*,sound/NNG/*+sport/NNG/*
speedlite,1781,3534,1835,NNG,*,F,speedlite,Preanalysis,*,*,speed/NNG/*+lite/NNG/*
speedmate,1781,3534,1835,NNG,*,F,speedmate,Preanalysis,*,*,speed/NNG/*+mate/NNG/*
speedmax,1781,3534,1835,NNG,*,F,speedmax,Preanalysis,*,*,speed/NNG/*+max/NNG/*
spraymop,1781,3534,1835,NNG,*,F,spraymop,Preanalysis,*,*,spray/NNG/*+mop/NNG/*
starcam,1781,3534,1835,NNG,*,F,starcam,Preanalysis,*,*,star/NNG/*+cam/NNG/*
startrac,1781,3534,1835,NNG,*,F,startrac,Preanalysis,*,*,star/NNG/*+trac/NNG/*
stormblue,1781,3534,1835,NNG,*,F,stormblue,Preanalysis,*,*,storm/NNG/*+blue/NNG/*
stormbook,1781,3534,1835,NNG,*,F,stormbook,Preanalysis,*,*,storm/NNG/*+book/NNG/*
stormx,1781,3534,1835,NNG,*,F,stormx,Preanalysis,*,*,storm/NNG/*+x/NNG/*
suitmaster,1781,3534,1835,NNG,*,F,suitmaster,Preanalysis,*,*,suit/NNG/*+master/NNG/*
supersonic,1781,3534,1835,NNG,*,F,supersonic,Preanalysis,*,*,super/NNG/*+sonic/NNG/*
sureview,1781,3534,1835,NNG,*,F,sureview,Preanalysis,*,*,sure/NNG/*+view/NNG/*
swissflex,1781,3534,1835,NNG,*,F,swissflex,Preanalysis,*,*,swiss/NNG/*+flex/NNG/*
switchback,1781,3534,1835,NNG,*,F,switchback,Preanalysis,*,*,switch/NNG/*+back/NNG/*
teamgroup,1781,3534,1835,NNG,*,F,teamgroup,Preanalysis,*,*,team/NNG/*+group/NNG/*
thecamper,1781,3534,1835,NNG,*,F,thecamper,Preanalysis,*,*,the/NNG/*+camper/NNG/*
thepot,1781,3534,1835,NNG,*,F,thepot,Preanalysis,*,*,the/NNG/*+pot/NNG/*
theraband,1781,3534,1835,NNG,*,F,theraband,Preanalysis,*,*,thera/NNG/*+band/NNG/*
therabandexercise,1781,3534,1835,NNG,*,F,therabandexercise,Preanalysis,*,*,thera/NNG/*+band/NNG/*+exercise/NNG/*
therabreath,1781,3534,1835,NNG,*,F,therabreath,Preanalysis,*,*,thera/NNG/*+breath/NNG/*
thinkpad,1781,3534,1835,NNG,*,F,thinkpad,Preanalysis,*,*,think/NNG/*+pad/NNG/*
thinoptics,1781,3534,1835,NNG,*,F,thinoptics,Preanalysis,*,*,thin/NNG/*+optics/NNG/*
thunderbolt,1781,3534,1835,NNG,*,F,thunderbolt,Preanalysis,*,*,thunder/NNG/*+bolt/NNG/*
timelinex,1781,3534,1835,NNG,*,F,timelinex,Preanalysis,*,*,time/NNG/*+line/NNG/*+x/NNG/*
tinyear,1781,3534,1835,NNG,*,F,tinyear,Preanalysis,*,*,tiny/NNG/*+ear/NNG/*
topsync,1781,3534,1835,NNG,*,F,topsync,Preanalysis,*,*,top/NNG/*+sync/NNG/*
tourad,1781,3534,1835,NNG,*,F,tourad,Preanalysis,*,*,tour/NNG/*+ad/NNG/*
tourpreferred,1781,3534,1835,NNG,*,F,tourpreferred,Preanalysis,*,*,tour/NNG/*+preferred/NNG/*
toycamera,1781,3534,1835,NNG,*,F,toycamera,Preanalysis,*,*,toy/NNG/*+camera/NNG/*
toydog,1781,3534,1835,NNG,*,F,toydog,Preanalysis,*,*,toy/NNG/*+dog/NNG/*
tplink,1781,3534,1835,NNG,*,F,tplink,Preanalysis,*,*,tp/NNG/*+link/NNG/*
trackr,1781,3534,1835,NNG,*,F,trackr,Preanalysis,*,*,track/NNG/*+r/NNG/*
triggerpoint,1781,3534,1835,NNG,*,F,triggerpoint,Preanalysis,*,*,trigger/NNG/*+point/NNG/*
tvpad,1781,3534,1835,NNG,*,F,tvpad,Preanalysis,*,*,tv/NNG/*+pad/NNG/*
tvstar,1781,3534,1835,NNG,*,F,tvstar,Preanalysis,*,*,tv/NNG/*+star/NNG/*
tvtable,1781,3534,1835,NNG,*,F,tvtable,Preanalysis,*,*,tv/NNG/*+table/NNG/*
twinpack,1781,3534,1835,NNG,*,F,twinpack,Preanalysis,*,*,twin/NNG/*+pack/NNG/*
uhdtv,1781,3534,1835,NNG,*,F,uhdtv,Preanalysis,*,*,uhd/NNG/*+tv/NNG/*
ultracube,1781,3534,1835,NNG,*,F,ultracube,Preanalysis,*,*,ultra/NNG/*+cube/NNG/*
ultrafine,1781,3534,1835,NNG,*,F,ultrafine,Preanalysis,*,*,ultra/NNG/*+fine/NNG/*
ultrafire,1781,3534,1835,NNG,*,F,ultrafire,Preanalysis,*,*,ultra/NNG/*+fire/NNG/*
ultrahd,1781,3534,1835,NNG,*,F,ultrahd,Preanalysis,*,*,ultra/NNG/*+hd/NNG/*
umpc,1781,3534,1835,NNG,*,F,umpc,Preanalysis,*,*,um/NNG/*+pc/NNG/*
unimax,1781,3534,1835,NNG,*,F,unimax,Preanalysis,*,*,uni/NNG/*+max/NNG/*
urbeats,1781,3534,1835,NNG,*,F,urbeats,Preanalysis,*,*,ur/NNG/*+beats/NNG/*
varidesk,1781,3534,1835,NNG,*,F,varidesk,Preanalysis,*,*,vari/NNG/*+desk/NNG/*
viewone,1781,3534,1835,NNG,*,F,viewone,Preanalysis,*,*,view/NNG/*+one/NNG/*
viewsonic,1781,3534,1835,NNG,*,F,viewsonic,Preanalysis,*,*,view/NNG/*+sonic/NNG/*
virusdoctor,1781,3534,1835,NNG,*,F,virusdoctor,Preanalysis,*,*,virus/NNG/*+doctor/NNG/*
vivobook,1781,3534,1835,NNG,*,F,vivobook,Preanalysis,*,*,vivo/NNG/*+book/NNG/*
vivobookpro,1781,3534,1835,NNG,*,F,vivobookpro,Preanalysis,*,*,vivo/NNG/*+book/NNG/*+pro/NNG/*
vkool,1781,3534,1835,NNG,*,F,vkool,Preanalysis,*,*,v/NNG/*+kool/NNG/*
vmax,1781,3534,1835,NNG,*,F,vmax,Preanalysis,*,*,v/NNG/*+max/NNG/*
vupoint,1781,3534,1835,NNG,*,F,vupoint,Preanalysis,*,*,vu/NNG/*+point/NNG/*
waterpick,1781,3534,1835,NNG,*,F,waterpick,Preanalysis,*,*,water/NNG/*+pick/NNG/*
waterpik,1781,3534,1835,NNG,*,F,waterpik,Preanalysis,*,*,water/NNG/*+pik/NNG/*
webcam,1781,3534,1835,NNG,*,F,webcam,Preanalysis,*,*,web/NNG/*+cam/NNG/*
whirlpool,1781,3534,1835,NNG,*,F,whirlpool,Preanalysis,*,*,whirl/NNG/*+pool/NNG/*
winycam,1781,3534,1835,NNG,*,F,winycam,Preanalysis,*,*,winy/NNG/*+cam/NNG/*
xcanvas,1781,3534,1835,NNG,*,F,xcanvas,Preanalysis,*,*,x/NNG/*+canvas/NNG/*
xnote,1781,3534,1835,NNG,*,F,xnote,Preanalysis,*,*,x/NNG/*+note/NNG/*
xperia,1781,3534,1835,NNG,*,F,xperia,Preanalysis,*,*,x/NNG/*+peria/NNG/*
xpower,1781,3534,1835,NNG,*,F,xpower,Preanalysis,*,*,x/NNG/*+power/NNG/*
xsplit,1781,3534,1835,NNG,*,F,xsplit,Preanalysis,*,*,x/NNG/*+split/NNG/*
xstar,1781,3534,1835,NNG,*,F,xstar,Preanalysis,*,*,x/NNG/*+star/NNG/*
xtend,1781,3534,1835,NNG,*,F,xtend,Preanalysis,*,*,x/NNG/*+tend/NNG/*
xtreme,1781,3534,1835,NNG,*,F,xtreme,Preanalysis,*,*,x/NNG/*+treme/NNG/*
xtrememac,1781,3534,1835,NNG,*,F,xtrememac,Preanalysis,*,*,x/NNG/*+treme/NNG/*+mac/NNG/*
yeelight,1781,3534,1835,NNG,*,F,yeelight,Preanalysis,*,*,yee/NNG/*+light/NNG/*
yled,1781,3534,1835,NNG,*,F,yled,Preanalysis,*,*,y/NNG/*+led/NNG/*
zbook,1781,3534,1835,NNG,*,F,zbook,Preanalysis,*,*,z/NNG/*+book/NNG/*
zcash,1781,3534,1835,NNG,*,F,zcash,Preanalysis,*,*,z/NNG/*+cash/NNG/*
zenbook,1781,3534,1835,NNG,*,F,zenbook,Preanalysis,*,*,zen/NNG/*+book/NNG/*
zenpad,1781,3534,1835,NNG,*,F,zenpad,Preanalysis,*,*,zen/NNG/*+pad/NNG/*
zenscreen,1781,3534,1835,NNG,*,F,zenscreen,Preanalysis,*,*,zen/NNG/*+screen/NNG/*
ziploc,1781,3534,1835,NNG,*,F,ziploc,Preanalysis,*,*,zip/NNG/*+loc/NNG/*
